Date,Open,High,Low,Close,Volume,Dividends,Stock Splits
2010-08-09,29.49,30.31,29.46,30.16,18715600,0.0,0
2010-08-10,29.97,30.35,29.65,30.19,17159200,0.0,0
2010-08-11,29.74,29.93,29.17,29.87,21455400,0.0,0
2010-08-12,28.71,29.51,28.68,29.02,19582900,0.0,0
2010-08-13,28.83,29.09,28.71,28.8,16372000,0.0,0
2010-08-16,28.74,29.51,28.42,29.32,14222100,0.0,0
2010-08-17,29.56,30.19,29.54,29.7,22319800,0.0,0
2010-08-18,29.67,29.9,29.3,29.62,13506000,0.0,0
2010-08-19,29.4,29.47,28.62,28.92,21575900,0.0,0
2010-08-20,28.92,29.66,28.83,29.52,19152600,0.0,0
2010-08-23,29.74,29.93,29.15,29.24,12942000,0.0,0
2010-08-24,29.14,29.2,28.65,28.86,15738700,0.0,0
2010-08-25,28.73,29.54,28.71,29.33,18753000,0.19,0
2010-08-26,29.49,29.6,28.96,29.19,14506600,0.0,0
2010-08-27,29.36,29.63,28.78,29.47,16263700,0.0,0
2010-08-30,29.28,29.57,29.2,29.2,11909900,0.0,0
2010-08-31,29.12,29.56,28.83,29.21,18049100,0.0,0
2010-09-01,29.71,30.62,29.68,30.2,27619100,0.0,0
2010-09-02,30.27,30.53,30.08,30.52,12671500,0.0,0
2010-09-03,30.72,30.86,30.32,30.79,14187700,0.0,0
2010-09-07,30.59,31.13,30.44,30.94,18520500,0.0,0
2010-09-08,30.99,31.37,30.98,31.21,14073500,0.0,0
2010-09-09,31.39,31.43,30.9,31.19,12190400,0.0,0
2010-09-10,31.28,31.3,30.56,30.82,15098000,0.0,0
2010-09-13,31.22,31.54,31.07,31.27,16787200,0.0,0
2010-09-14,31.15,31.56,30.95,31.35,12885900,0.0,0
2010-09-15,31.34,32.19,31.27,32.01,18992800,0.0,0
2010-09-16,31.88,32.26,31.76,32.01,16596100,0.0,0
2010-09-17,32.12,32.6,31.98,32.43,31733900,0.0,0
2010-09-20,32.47,32.87,32.46,32.8,15241800,0.0,0
2010-09-21,32.95,33.46,32.88,33.18,16763100,0.0,0
2010-09-22,33.21,33.37,32.56,33.02,16158500,0.0,0
2010-09-23,32.75,33.36,32.61,33.29,20206800,0.0,0
2010-09-24,33.52,34.29,33.45,33.97,22619300,0.0,0
2010-09-27,33.8,34.32,33.66,34.0,14009400,0.0,0
2010-09-28,34.08,34.2,33.33,33.61,23000500,0.0,0
2010-09-29,33.37,33.94,33.33,33.79,14499000,0.0,0
2010-09-30,34.37,34.89,34.14,34.42,35751700,0.0,0
2010-10-01,34.71,34.77,33.49,33.75,22457600,0.0,0
2010-10-04,33.88,33.88,33.06,33.47,13941400,0.0,0
2010-10-05,33.88,34.24,33.62,33.75,18459700,0.0,0
2010-10-06,33.71,34.07,33.46,34.05,21696900,0.0,0
2010-10-07,34.25,34.29,33.66,33.97,11965000,0.0,0
2010-10-08,33.92,34.25,33.59,34.13,12349900,0.0,0
2010-10-11,34.07,34.09,33.51,33.69,10971300,0.0,0
2010-10-12,33.69,34.32,33.38,34.16,13712800,0.0,0
2010-10-13,34.29,34.71,34.12,34.56,13543300,0.0,0
2010-10-14,34.33,34.58,34.17,34.35,11317500,0.0,0
2010-10-15,34.63,34.71,33.93,34.16,18075400,0.0,0
2010-10-18,34.15,34.16,33.65,33.93,12225400,0.0,0
2010-10-19,33.75,33.99,33.17,33.72,15934400,0.0,0
2010-10-20,33.75,34.24,33.75,33.84,11523700,0.0,0
2010-10-21,33.89,33.94,32.37,33.54,24931600,0.0,0
2010-10-22,33.44,33.76,33.26,33.69,12473200,0.0,0
2010-10-25,33.82,33.94,33.71,33.81,10215900,0.0,0
2010-10-26,33.54,33.55,32.95,33.51,15805500,0.0,0
2010-10-27,33.16,33.94,33.13,33.92,11449300,0.0,0
2010-10-28,34.2,34.25,33.87,33.88,11982900,0.0,0
2010-10-29,33.97,34.8,33.97,34.44,16651700,0.0,0
2010-11-01,34.71,35.08,34.42,34.57,11199500,0.0,0
2010-11-02,34.89,35.03,34.49,34.61,12590900,0.0,0
2010-11-03,34.48,34.9,34.03,34.84,27224200,0.0,0
2010-11-04,37.07,37.71,36.65,36.86,58099900,0.0,0
2010-11-05,36.51,36.88,36.15,36.86,20629500,0.0,0
2010-11-08,36.62,36.86,36.28,36.45,18567300,0.0,0
2010-11-09,36.5,36.79,36.14,36.54,17430300,0.0,0
2010-11-10,36.61,36.61,36.03,36.36,12413500,0.0,0
2010-11-11,35.83,36.61,35.76,36.54,13923000,0.0,0
2010-11-12,36.31,36.4,35.61,36.2,20070400,0.0,0
2010-11-15,36.31,36.47,35.74,35.74,11573600,0.0,0
2010-11-16,35.41,35.61,35.14,35.37,18386800,0.0,0
2010-11-17,35.51,36.89,35.46,36.59,25860200,0.0,0
2010-11-18,36.93,37.26,36.38,36.39,20716700,0.0,0
2010-11-19,36.32,36.64,36.16,36.57,15850900,0.0,0
2010-11-22,36.61,36.84,35.98,36.46,13112100,0.19,0
2010-11-23,36.16,36.27,35.78,36.06,17892100,0.0,0
2010-11-24,36.3,36.9,36.09,36.8,11961200,0.0,0
2010-11-26,36.58,36.7,36.41,36.52,4296600,0.0,0
2010-11-29,36.35,36.48,35.8,36.2,12906500,0.0,0
2010-11-30,35.61,36.1,35.57,35.85,18176000,0.0,0
2010-12-01,36.23,36.94,36.21,36.67,14431100,0.0,0
2010-12-02,36.78,37.25,36.67,37.13,11108300,0.0,0
2010-12-03,37.06,37.47,36.93,37.38,12608700,0.0,0
2010-12-06,37.17,37.28,36.82,37.0,10488700,0.0,0
2010-12-07,37.32,37.52,37.1,37.11,14015800,0.0,0
2010-12-08,37.19,37.43,36.96,37.42,8634400,0.0,0
2010-12-09,37.63,37.74,37.29,37.58,8862300,0.0,0
2010-12-10,37.52,37.9,37.44,37.88,11851800,0.0,0
2010-12-13,37.91,38.1,37.59,37.61,11988400,0.0,0
2010-12-14,37.75,37.9,37.39,37.65,10036300,0.0,0
2010-12-15,37.79,37.95,37.38,37.59,10329900,0.0,0
2010-12-16,37.62,38.1,37.41,38.01,12338900,0.0,0
2010-12-17,38.01,38.07,37.72,37.87,21421200,0.0,0
2010-12-20,38.07,38.15,37.63,37.85,11902200,0.0,0
2010-12-21,38.05,38.28,37.96,38.27,9271500,0.0,0
2010-12-22,38.13,38.28,37.99,38.27,6859600,0.0,0
2010-12-23,38.18,38.26,37.73,37.85,8194300,0.0,0
2010-12-27,37.82,38.13,37.5,37.98,5871100,0.0,0
2010-12-28,38.11,38.25,37.95,38.17,7138200,0.0,0
2010-12-29,38.26,38.52,38.17,38.27,7771700,0.0,0
2010-12-30,38.28,38.44,38.0,38.08,5090200,0.0,0
2010-12-31,38.01,38.15,37.52,37.89,6304700,0.0,0
2011-01-03,38.2,38.89,38.17,38.42,15167700,0.0,0
2011-01-04,38.59,39.09,37.97,39.02,24330000,0.0,0
2011-01-05,39.47,40.12,39.24,39.84,25904400,0.0,0
2011-01-06,39.9,40.6,39.84,40.33,17894300,0.0,0
2011-01-07,40.43,40.5,39.35,39.61,12865500,0.0,0
2011-01-10,39.38,39.97,39.38,39.58,17421100,0.0,0
2011-01-11,39.48,40.15,39.48,39.87,10288000,0.0,0
2011-01-12,40.0,40.07,39.5,40.07,10673200,0.0,0
2011-01-13,40.03,40.16,39.44,39.71,12550700,0.0,0
2011-01-14,39.76,39.91,39.38,39.84,11536900,0.0,0
2011-01-18,40.1,40.62,40.04,40.6,14715100,0.0,0
2011-01-19,40.36,40.66,39.73,39.92,11567000,0.0,0
2011-01-20,39.94,40.0,39.25,39.3,14213700,0.0,0
2011-01-21,39.47,39.81,39.12,39.23,18452800,0.0,0
2011-01-24,39.14,39.43,38.93,39.42,11508500,0.0,0
2011-01-25,39.38,39.48,38.76,39.45,15922200,0.0,0
2011-01-26,39.38,39.87,39.05,39.71,23536600,0.0,0
2011-01-27,41.5,42.11,41.17,42.03,50785700,0.0,0
2011-01-28,41.42,41.87,40.88,41.15,22935600,0.0,0
2011-01-31,41.23,41.7,40.63,41.44,16182100,0.0,0
2011-02-01,41.57,42.32,41.43,42.17,17000000,0.0,0
2011-02-02,41.93,42.03,41.25,41.34,17626200,0.0,0
2011-02-03,41.34,42.29,41.2,42.09,17150900,0.0,0
2011-02-04,42.14,42.4,41.73,42.29,12603100,0.0,0
2011-02-07,42.19,42.58,41.98,42.16,11605200,0.0,0
2011-02-08,42.49,42.95,42.38,42.95,13862700,0.0,0
2011-02-09,42.84,43.16,42.68,43.04,12581500,0.0,0
2011-02-10,43.01,43.79,42.78,43.64,16392900,0.0,0
2011-02-11,43.46,44.14,43.4,44.1,12165500,0.0,0
2011-02-14,44.21,45.02,44.11,44.54,17488200,0.0,0
2011-02-15,44.41,45.14,44.35,44.9,16375300,0.0,0
2011-02-16,45.09,45.16,44.6,44.82,11659200,0.0,0
2011-02-17,44.64,45.18,44.56,45.17,11068600,0.0,0
2011-02-18,45.2,45.5,44.91,45.32,17282600,0.0,0
2011-02-22,44.84,45.17,44.32,44.59,19936700,0.0,0
2011-02-23,44.48,44.86,43.42,43.79,16344700,0.19,0
2011-02-24,44.01,44.64,43.78,44.4,15159100,0.0,0
2011-02-25,44.64,45.47,44.48,45.34,11344000,0.0,0
2011-02-28,45.31,45.94,45.25,45.77,13613700,0.0,0
2011-03-01,45.97,45.97,44.4,44.58,16764200,0.0,0
2011-03-02,44.46,44.69,43.76,43.86,16651100,0.0,0
2011-03-03,44.32,45.31,44.3,45.2,13214700,0.0,0
2011-03-04,45.16,45.23,44.25,44.67,11720000,0.0,0
2011-03-07,44.93,45.01,43.65,44.23,13540500,0.0,0
2011-03-08,43.57,44.16,42.67,43.9,22049900,0.0,0
2011-03-09,43.67,43.67,42.18,42.25,24466200,0.0,0
2011-03-10,41.79,42.23,41.36,41.51,22114400,0.0,0
2011-03-11,41.25,41.54,41.01,41.18,18941000,0.0,0
2011-03-14,40.69,41.17,40.52,41.08,18606600,0.0,0
2011-03-15,39.28,40.93,38.48,40.71,35441300,0.0,0
2011-03-16,40.33,40.57,38.71,38.79,31062900,0.0,0
2011-03-17,40.42,41.07,39.94,40.19,24685600,0.0,0
2011-03-18,40.58,40.83,38.99,39.72,33360000,0.0,0
2011-03-21,40.9,41.56,40.73,41.2,17208200,0.0,0
2011-03-22,41.16,41.3,40.21,40.32,13843400,0.0,0
2011-03-23,40.3,40.39,39.71,40.29,12067700,0.0,0
2011-03-24,40.41,41.3,40.0,41.26,14733200,0.0,0
2011-03-25,41.35,41.47,40.5,40.52,13574400,0.0,0
2011-03-28,40.67,40.93,40.02,40.08,10237600,0.0,0
2011-03-29,40.28,41.55,40.22,41.41,14946800,0.0,0
2011-03-30,41.76,41.95,41.33,41.87,11044700,0.0,0
2011-03-31,41.91,42.21,41.74,42.12,13222200,0.0,0
2011-04-01,42.3,42.39,41.67,41.84,12306100,0.0,0
2011-04-04,41.89,42.03,40.31,40.8,18238600,0.0,0
2011-04-05,40.73,41.2,40.25,40.39,13467000,0.0,0
2011-04-06,40.8,41.4,40.7,41.13,13380900,0.0,0
2011-04-07,40.99,41.73,40.75,40.89,12491700,0.0,0
2011-04-08,41.48,41.75,40.96,41.2,10353400,0.0,0
2011-04-11,41.38,41.84,40.97,41.02,11699300,0.0,0
2011-04-12,40.56,40.69,39.74,40.14,11995000,0.0,0
2011-04-13,40.6,40.66,39.95,40.47,9503100,0.0,0
2011-04-14,39.94,40.6,39.52,40.4,11655600,0.0,0
2011-04-15,40.59,41.07,40.03,40.82,17165100,0.0,0
2011-04-18,40.1,40.97,39.97,40.93,14744200,0.0,0
2011-04-19,40.93,41.24,40.62,41.03,12006400,0.0,0
2011-04-20,42.02,42.56,41.86,42.46,19894600,0.0,0
2011-04-21,43.98,44.26,43.45,43.74,23134900,0.0,0
2011-04-25,43.3,43.92,43.18,43.65,9934800,0.0,0
2011-04-26,43.88,44.18,43.73,43.95,12100000,0.0,0
2011-04-27,44.42,44.91,43.86,44.69,15949400,0.0,0
2011-04-28,44.37,44.55,43.9,44.23,12300000,0.0,0
2011-04-29,44.23,44.54,43.66,43.85,32037700,0.0,0
2011-05-02,44.12,44.48,43.77,43.97,12022000,0.0,0
2011-05-03,44.02,44.2,42.99,43.39,11700000,0.0,0
2011-05-04,43.26,43.79,42.57,43.08,12761100,0.0,0
2011-05-05,42.74,43.65,42.7,43.12,11000000,0.0,0
2011-05-06,43.59,44.2,43.27,43.45,10727500,0.0,0
2011-05-09,43.59,43.72,43.01,43.52,8056600,0.0,0
2011-05-10,43.74,43.86,43.28,43.72,9149700,0.0,0
2011-05-11,43.65,44.34,43.16,43.47,11009200,0.0,0
2011-05-12,43.22,44.28,43.12,44.05,10900000,0.0,0
2011-05-13,44.05,44.42,43.61,43.88,11209100,0.0,0
2011-05-16,43.92,44.37,43.38,43.55,13330200,0.0,0
2011-05-17,43.31,43.39,42.76,43.29,13989800,0.0,0
2011-05-18,43.19,43.62,42.84,43.36,12429000,0.0,0
2011-05-19,43.49,44.3,43.49,44.01,11938100,0.0,0
2011-05-20,43.95,44.36,43.81,44.08,15272900,0.0,0
2011-05-23,43.39,43.55,42.95,43.31,12499600,0.0,0
2011-05-24,43.41,43.79,42.98,43.25,10251800,0.0,0
2011-05-25,43.44,44.28,43.44,43.94,10928000,0.215,0
2011-05-26,43.75,44.38,43.6,44.08,12897000,0.0,0
2011-05-27,44.21,44.57,44.0,44.22,7678400,0.0,0
2011-05-31,44.68,45.18,44.46,45.18,15104300,0.0,0
2011-06-01,45.05,45.46,43.94,44.07,14968700,0.0,0
2011-06-02,44.21,44.96,44.21,44.57,12697400,0.0,0
2011-06-03,44.04,44.85,43.91,43.98,12474800,0.0,0
2011-06-06,43.88,44.33,43.5,43.55,10121500,0.0,0
2011-06-07,43.66,44.01,43.54,43.57,10225200,0.0,0
2011-06-08,43.37,43.58,42.81,43.41,12158000,0.0,0
2011-06-09,43.28,43.54,42.93,43.08,9161600,0.0,0
2011-06-10,42.95,42.98,41.92,42.1,14544000,0.0,0
2011-06-13,42.25,42.33,41.82,41.95,10670800,0.0,0
2011-06-14,42.31,43.08,42.22,42.86,12006100,0.0,0
2011-06-15,42.59,42.84,41.48,41.72,16790500,0.0,0
2011-06-16,41.73,41.8,40.42,40.86,19464800,0.0,0
2011-06-17,41.58,41.87,40.56,40.63,25241200,0.0,0
2011-06-20,40.51,41.28,40.2,41.24,14746000,0.0,0
2011-06-21,41.38,42.4,40.98,41.97,12010100,0.0,0
2011-06-22,41.75,41.96,41.38,41.63,9110300,0.0,0
2011-06-23,40.96,42.39,40.91,42.38,15571600,0.0,0
2011-06-24,42.23,42.38,41.71,41.79,9494400,0.0,0
2011-06-27,41.7,42.49,41.36,42.22,9797900,0.0,0
2011-06-28,42.28,42.93,42.19,42.76,9556000,0.0,0
2011-06-29,42.87,43.13,42.6,42.74,11919400,0.0,0
2011-06-30,42.92,43.84,42.8,43.79,12463000,0.0,0
2011-07-01,43.79,44.71,43.52,44.63,12142000,0.0,0
2011-07-05,44.53,44.92,44.35,44.83,10848700,0.0,0
2011-07-06,44.63,45.3,44.63,45.26,11176800,0.0,0
2011-07-07,45.42,45.86,45.39,45.69,12644800,0.0,0
2011-07-08,45.33,45.78,44.78,45.77,12385600,0.0,0
2011-07-11,45.29,45.44,44.54,44.91,12988300,0.0,0
2011-07-12,44.92,45.18,43.34,43.58,23141300,0.0,0
2011-07-13,43.99,44.02,43.19,43.25,18093300,0.0,0
2011-07-14,43.26,43.52,41.86,42.35,19155100,0.0,0
2011-07-15,42.45,42.8,42.13,42.38,17684400,0.0,0
2011-07-18,42.31,42.65,42.05,42.63,16182500,0.0,0
2011-07-19,43.17,44.14,43.08,43.94,15014500,0.0,0
2011-07-20,45.26,45.8,44.03,44.18,27542500,0.0,0
2011-07-21,43.18,44.15,43.08,43.91,24125900,0.0,0
2011-07-22,44.08,44.5,43.77,44.31,13586300,0.0,0
2011-07-25,43.89,44.35,43.69,43.81,11346900,0.0,0
2011-07-26,43.84,43.94,43.41,43.6,10082700,0.0,0
2011-07-27,43.18,43.3,41.94,42.09,15638100,0.0,0
2011-07-28,42.19,42.88,41.99,42.4,11737400,0.0,0
2011-07-29,41.94,42.7,41.69,42.24,15256200,0.0,0
2011-08-01,42.67,42.75,41.18,41.73,16892000,0.0,0
2011-08-02,41.35,41.65,40.83,40.88,16681900,0.0,0
2011-08-03,41.04,41.49,40.64,41.43,15274300,0.0,0
2011-08-04,40.75,40.94,39.48,39.52,19556100,0.0,0
2011-08-05,39.95,40.08,37.76,39.34,28090800,0.0,0
2011-08-08,37.98,38.55,36.15,36.46,33418800,0.0,0
2011-08-09,36.93,38.47,36.01,38.47,32115100,0.0,0
2011-08-10,37.32,37.8,36.34,36.44,32161800,0.0,0
2011-08-11,36.8,38.59,36.67,38.21,25079800,0.0,0
2011-08-12,38.48,39.51,37.92,38.94,19422000,0.0,0
2011-08-15,39.13,39.64,38.72,39.53,13058700,0.0,0
2011-08-16,38.92,39.68,38.52,39.38,17782900,0.0,0
2011-08-17,39.31,39.67,38.53,39.33,14115400,0.0,0
2011-08-18,37.81,37.9,36.52,36.97,23793700,0.0,0
2011-08-19,36.42,37.14,35.81,35.87,24555800,0.0,0
2011-08-22,36.78,36.87,35.45,35.78,15673200,0.0,0
2011-08-23,36.03,37.06,35.91,37.06,15315600,0.0,0
2011-08-24,37.35,37.43,36.31,37.12,15209800,0.215,0
2011-08-25,37.3,37.6,36.23,36.37,13935000,0.0,0
2011-08-26,36.4,38.43,35.85,37.91,20783600,0.0,0
2011-08-29,38.46,39.56,38.29,39.44,14572200,0.0,0
2011-08-30,39.15,40.04,38.86,39.69,15801300,0.0,0
2011-08-31,40.15,40.4,39.42,39.86,15897300,0.0,0
2011-09-01,40.21,40.95,39.52,39.55,13690400,0.0,0
2011-09-02,38.71,39.08,38.15,38.48,14692800,0.0,0
2011-09-06,37.49,38.39,36.87,38.3,14432600,0.0,0
2011-09-07,38.99,40.04,38.94,40.04,18934900,0.0,0
2011-09-08,39.94,41.27,39.73,39.93,18431400,0.0,0
2011-09-09,39.56,39.71,38.57,39.04,19825100,0.0,0
2011-09-12,38.43,39.84,38.43,39.8,16409200,0.0,0
2011-09-13,39.87,40.68,39.81,40.52,18400800,0.0,0
2011-09-14,40.74,41.63,40.18,41.11,15498700,0.0,0
2011-09-15,41.62,41.76,40.63,41.54,16107300,0.0,0
2011-09-16,41.67,41.78,41.14,41.73,19353600,0.0,0
2011-09-19,41.1,41.76,40.59,41.57,12067400,0.0,0
2011-09-20,41.76,42.06,41.08,41.14,14759300,0.0,0
2011-09-21,40.96,41.59,40.01,40.01,15156800,0.0,0
2011-09-22,38.72,39.7,37.92,38.75,24362400,0.0,0
2011-09-23,38.55,39.27,38.15,38.95,18270000,0.0,0
2011-09-26,39.03,39.42,38.14,39.18,20218700,0.0,0
2011-09-27,39.93,40.88,39.31,40.11,16746200,0.0,0
2011-09-28,40.35,40.68,39.48,39.55,11527300,0.0,0
2011-09-29,40.2,40.45,37.81,38.83,17633700,0.0,0
2011-09-30,38.31,38.96,37.67,37.67,18776200,0.0,0
2011-10-03,37.34,38.22,36.7,36.91,27986500,0.0,0
2011-10-04,36.45,38.39,35.94,38.29,26093400,0.0,0
2011-10-05,38.44,39.42,38.21,39.32,18589300,0.0,0
2011-10-06,39.18,39.47,38.73,39.4,14772800,0.0,0
2011-10-07,39.46,39.5,38.45,38.91,14967900,0.0,0
2011-10-10,39.51,40.39,39.18,40.35,11462600,0.0,0
2011-10-11,40.29,40.36,39.9,40.01,10261400,0.0,0
2011-10-12,40.51,41.01,40.29,40.31,11140800,0.0,0
2011-10-13,40.23,41.37,40.2,41.29,12541000,0.0,0
2011-10-14,41.86,42.62,41.7,42.59,16257800,0.0,0
2011-10-17,42.37,42.52,41.31,41.55,10745800,0.0,0
2011-10-18,41.52,42.56,41.11,42.26,13141700,0.0,0
2011-10-19,41.67,42.16,40.56,40.74,15090300,0.0,0
2011-10-20,40.9,41.25,40.06,40.28,17086100,0.0,0
2011-10-21,40.87,40.93,39.87,40.29,18194900,0.0,0
2011-10-24,40.59,41.67,40.56,41.52,11234700,0.0,0
2011-10-25,41.37,41.59,40.43,40.52,12847600,0.0,0
2011-10-26,40.91,40.92,39.34,39.97,20141700,0.0,0
2011-10-27,41.12,41.83,40.66,41.45,17147900,0.0,0
2011-10-28,41.37,41.44,40.83,41.23,11445300,0.0,0
2011-10-31,40.8,41.14,39.97,39.97,21419300,0.0,0
2011-11-01,38.67,39.36,38.56,38.84,22660500,0.0,0
2011-11-02,39.58,40.52,39.56,40.42,26757000,0.0,0
2011-11-03,43.59,44.12,42.41,43.46,44713900,0.0,0
2011-11-04,42.71,43.89,42.69,43.76,21851700,0.0,0
2011-11-07,43.22,44.14,43.22,44.09,14850000,0.0,0
2011-11-08,44.26,44.37,43.58,44.17,12956900,0.0,0
2011-11-09,43.13,43.76,42.56,42.92,15984600,0.0,0
2011-11-10,43.48,43.55,42.33,42.76,11669600,0.0,0
2011-11-11,43.31,44.14,43.11,43.86,12743100,0.0,0
2011-11-14,43.82,44.54,43.72,44.23,16660300,0.0,0
2011-11-15,43.98,44.73,43.75,44.46,13231100,0.0,0
2011-11-16,43.93,44.9,43.62,44.06,15504500,0.0,0
2011-11-17,43.87,44.28,42.92,43.67,19433700,0.0,0
2011-11-18,43.8,43.81,42.94,43.12,14375500,0.0,0
2011-11-21,42.29,42.59,41.83,42.2,15544300,0.215,0
2011-11-22,41.94,42.78,41.93,42.36,13234300,0.0,0
2011-11-23,41.54,41.58,40.12,40.46,24129500,0.0,0
2011-11-25,40.18,41.21,40.18,40.32,8318700,0.0,0
2011-11-28,41.54,42.02,41.36,41.94,12526700,0.0,0
2011-11-29,41.98,42.44,41.09,41.3,13534500,0.0,0
2011-11-30,42.61,42.86,42.05,42.61,18229000,0.0,0
2011-12-01,42.53,42.84,42.27,42.56,9834300,0.0,0
2011-12-02,43.08,43.31,42.21,42.25,12762900,0.0,0
2011-12-05,42.9,42.91,41.75,42.37,14662200,0.0,0
2011-12-06,42.46,42.89,42.03,42.63,10991200,0.0,0
2011-12-07,42.4,42.56,41.64,42.34,13303600,0.0,0
2011-12-08,42.03,42.76,41.89,42.04,15566800,0.0,0
2011-12-09,41.98,43.08,41.79,42.91,11624600,0.0,0
2011-12-12,42.31,42.66,41.99,42.59,9916800,0.0,0
2011-12-13,43.07,43.33,41.82,42.14,13936000,0.0,0
2011-12-14,42.13,42.23,40.97,41.29,12866900,0.0,0
2011-12-15,41.79,41.81,40.58,40.86,11703900,0.0,0
2011-12-16,41.13,41.86,40.76,40.91,19842900,0.0,0
2011-12-19,41.21,41.27,40.25,40.37,11687300,0.0,0
2011-12-20,41.11,42.25,41.05,42.07,14330300,0.0,0
2011-12-21,42.14,42.3,41.06,41.59,9900600,0.0,0
2011-12-22,41.59,42.39,41.57,42.28,8842100,0.0,0
2011-12-23,42.45,42.56,41.95,42.48,5670400,0.0,0
2011-12-27,42.22,42.76,42.0,42.66,6505300,0.0,0
2011-12-28,42.61,42.73,42.05,42.25,7060400,0.0,0
2011-12-29,42.35,42.72,42.32,42.65,5869300,0.0,0
2011-12-30,42.52,42.76,42.5,42.53,4839700,0.0,0
2012-01-03,43.45,43.53,42.51,42.98,11238300,0.0,0
2012-01-04,42.94,43.7,42.42,43.41,17589100,0.0,0
2012-01-05,43.44,43.7,42.99,43.59,11518500,0.0,0
2012-01-06,43.47,43.85,43.43,43.67,8040100,0.0,0
2012-01-09,43.65,43.82,43.1,43.47,12663500,0.0,0
2012-01-10,43.98,44.01,43.33,43.35,11673300,0.0,0
2012-01-11,43.35,43.57,43.19,43.25,7140200,0.0,0
2012-01-12,43.24,43.94,43.14,43.8,11387500,0.0,0
2012-01-13,43.5,44.11,43.48,43.96,10517600,0.0,0
2012-01-17,44.27,44.9,44.1,44.43,12411500,0.0,0
2012-01-18,44.41,45.03,44.29,44.78,13313700,0.0,0
2012-01-19,44.87,45.29,44.69,45.1,13298900,0.0,0
2012-01-20,45.11,45.18,44.69,44.89,16538600,0.0,0
2012-01-23,45.05,45.66,44.99,45.22,13223800,0.0,0
2012-01-24,44.91,45.63,44.76,45.63,11490300,0.0,0
2012-01-25,45.97,46.26,45.51,45.87,21441100,0.0,0
2012-01-26,45.98,46.15,44.74,44.95,20419500,0.0,0
2012-01-27,44.75,45.22,44.74,44.94,10295900,0.0,0
2012-01-30,44.51,45.6,44.34,45.59,13061700,0.0,0
2012-01-31,45.84,46.15,45.56,45.74,13551300,0.0,0
2012-02-01,46.25,46.46,45.71,46.31,27741800,0.0,0
2012-02-02,47.45,48.17,47.12,47.22,34830000,0.0,0
2012-02-03,47.42,47.69,47.13,47.48,17428700,0.0,0
2012-02-06,47.29,47.52,47.07,47.49,11060800,0.0,0
2012-02-07,47.28,47.91,47.07,47.86,12395300,0.0,0
2012-02-08,47.76,47.95,47.38,47.8,11454900,0.0,0
2012-02-09,47.89,48.2,47.73,48.16,13895400,0.0,0
2012-02-10,47.77,48.05,47.62,48.0,10376500,0.0,0
2012-02-13,48.2,48.2,47.59,48.01,9318000,0.0,0
2012-02-14,47.84,47.98,47.51,47.98,8913400,0.0,0
2012-02-15,48.06,48.2,47.71,47.88,10839600,0.0,0
2012-02-16,48.05,48.52,47.87,48.42,12328800,0.0,0
2012-02-17,48.41,48.76,48.21,48.61,14729200,0.0,0
2012-02-21,48.72,48.93,48.48,48.82,8631500,0.0,0
2012-02-22,48.71,48.94,48.55,48.64,7782600,0.0,0
2012-02-23,48.64,49.5,48.46,49.38,12639300,0.0,0
2012-02-24,49.61,49.62,49.27,49.33,7904800,0.0,0
2012-02-27,48.91,49.46,48.79,49.23,9785200,0.0,0
2012-02-28,49.3,49.34,48.59,48.74,12045600,0.0,0
2012-02-29,48.89,49.13,48.37,48.52,13508600,0.215,0
2012-03-01,48.54,49.07,48.49,48.85,9941100,0.0,0
2012-03-02,48.91,48.95,48.5,48.71,6715500,0.0,0
2012-03-05,48.55,48.62,47.99,48.46,9243000,0.0,0
2012-03-06,48.2,48.73,47.54,48.03,14198800,0.0,0
2012-03-07,48.23,49.12,47.98,48.94,12337300,0.0,0
2012-03-08,49.15,49.65,49.05,49.4,10566200,0.0,0
2012-03-09,49.62,50.15,49.49,49.88,12233300,0.0,0
2012-03-12,49.9,50.08,49.51,49.82,7606300,0.0,0
2012-03-13,50.06,50.63,50.05,50.6,11908300,0.0,0
2012-03-14,50.57,51.15,50.48,50.8,15126300,0.0,0
2012-03-15,50.93,51.1,50.62,50.88,10019900,0.0,0
2012-03-16,50.85,51.2,50.78,51.04,17787900,0.0,0
2012-03-19,51.37,52.28,51.14,52.08,14613100,0.0,0
2012-03-20,51.83,52.14,51.75,52.08,11400500,0.0,0
2012-03-21,52.16,52.2,51.42,51.83,13452600,0.0,0
2012-03-22,51.68,51.82,51.46,51.72,7652100,0.0,0
2012-03-23,51.89,52.07,51.25,52.03,9777200,0.0,0
2012-03-26,52.54,53.61,52.51,53.52,17106600,0.0,0
2012-03-27,53.52,53.73,53.32,53.44,10089300,0.0,0
2012-03-28,53.2,53.59,52.54,53.15,10022800,0.0,0
2012-03-29,52.96,53.05,52.51,53.0,8426900,0.0,0
2012-03-30,53.25,53.27,52.87,53.1,8117900,0.0,0
2012-04-02,53.25,53.7,52.67,53.31,10440400,0.0,0
2012-04-03,53.38,53.66,52.85,53.16,10812400,0.0,0
2012-04-04,52.54,52.83,52.15,52.58,10898900,0.0,0
2012-04-05,52.52,52.74,52.33,52.42,15585300,0.0,0
2012-04-09,51.59,52.88,51.17,51.89,9976300,0.0,0
2012-04-10,52.03,52.35,51.55,51.67,17300900,0.0,0
2012-04-11,52.21,52.67,51.57,51.67,11825700,0.0,0
2012-04-12,51.9,53.5,51.75,53.31,15714300,0.0,0
2012-04-13,53.06,53.16,51.96,52.02,15743500,0.0,0
2012-04-16,52.54,52.67,51.13,51.69,16189600,0.0,0
2012-04-17,52.1,52.96,51.83,52.46,14001700,0.0,0
2012-04-18,52.63,52.67,51.92,52.27,21913700,0.0,0
2012-04-19,49.52,50.6,48.58,48.81,41688100,0.0,0
2012-04-20,49.03,49.4,48.55,48.57,23033000,0.0,0
2012-04-23,48.23,48.41,47.88,48.03,14149300,0.0,0
2012-04-24,47.98,48.73,47.8,48.27,15974500,0.0,0
2012-04-25,49.18,49.55,48.89,49.36,16700900,0.0,0
2012-04-26,49.4,49.93,49.23,49.86,11419800,0.0,0
2012-04-27,50.22,50.32,49.87,50.08,7323100,0.0,0
2012-04-30,49.92,50.04,49.47,49.8,8570800,0.0,0
2012-05-01,49.79,50.43,49.46,49.65,10756200,0.0,0
2012-05-02,49.32,50.17,48.97,50.12,10374400,0.0,0
2012-05-03,50.31,50.5,49.51,49.58,8055800,0.0,0
2012-05-04,49.19,49.21,47.89,48.3,14060800,0.0,0
2012-05-07,47.81,48.62,47.79,48.31,8798200,0.0,0
2012-05-08,48.16,49.01,47.49,48.9,14090600,0.0,0
2012-05-09,48.34,49.08,48.23,48.38,12259900,0.0,0
2012-05-10,48.83,49.0,48.55,48.75,8300000,0.0,0
2012-05-11,48.41,49.2,48.04,48.27,9305500,0.0,0
2012-05-14,47.73,48.48,47.57,47.95,7552900,0.0,0
2012-05-15,48.02,48.76,47.81,47.94,10579300,0.0,0
2012-05-16,48.11,48.32,46.09,46.12,21045600,0.0,0
2012-05-17,46.24,46.31,44.12,44.6,24028100,0.0,0
2012-05-18,44.83,45.49,43.47,43.68,20135200,0.0,0
2012-05-21,43.58,44.93,43.58,44.65,20321700,0.0,0
2012-05-22,44.79,45.49,44.75,45.2,16014200,0.0,0
2012-05-23,44.86,45.58,44.54,45.36,15300000,0.0,0
2012-05-24,45.57,45.78,44.2,44.59,13447300,0.0,0
2012-05-25,44.63,45.04,44.47,44.72,8024300,0.0,0
2012-05-29,45.18,45.84,44.95,45.56,10972600,0.0,0
2012-05-30,45.05,45.46,44.56,45.02,11060800,0.25,0
2012-05-31,44.89,45.22,44.12,44.91,13411000,0.0,0
2012-06-01,43.86,44.2,42.98,43.19,17494600,0.0,0
2012-06-04,43.19,43.82,43.03,43.76,12294600,0.0,0
2012-06-05,43.52,44.9,43.45,44.81,11730700,0.0,0
2012-06-06,44.98,45.89,44.86,45.76,12956000,0.0,0
2012-06-07,46.34,46.62,45.32,45.45,9156700,0.0,0
2012-06-08,45.39,46.17,45.09,46.04,8861500,0.0,0
2012-06-11,46.21,46.46,45.19,45.28,12484000,0.0,0
2012-06-12,45.41,46.58,45.13,46.55,14961900,0.0,0
2012-06-13,46.51,46.77,45.97,46.18,7527900,0.0,0
2012-06-14,46.15,46.15,43.89,44.5,27236900,0.0,0
2012-06-15,44.19,44.79,43.58,44.27,30969900,0.0,0
2012-06-18,43.98,44.9,43.72,44.48,12788200,0.0,0
2012-06-19,44.48,44.92,44.41,44.68,10031500,0.0,0
2012-06-20,44.81,45.2,44.4,44.66,13417100,0.0,0
2012-06-21,44.8,44.94,43.13,43.2,15252300,0.0,0
2012-06-22,43.31,43.83,43.21,43.6,13144700,0.0,0
2012-06-25,43.2,43.39,41.88,41.97,18901100,0.0,0
2012-06-26,42.13,42.7,41.85,42.25,14081800,0.0,0
2012-06-27,42.24,43.44,42.19,43.03,11946400,0.0,0
2012-06-28,42.77,43.25,42.13,42.55,13326100,0.0,0
2012-06-29,43.65,43.84,42.68,43.63,13548300,0.0,0
2012-07-02,43.61,43.77,43.0,43.62,9894500,0.0,0
2012-07-03,43.82,44.3,43.69,44.08,7578700,0.0,0
2012-07-05,44.09,44.41,43.7,44.08,10344500,0.0,0
2012-07-06,43.78,44.06,42.96,43.34,8514400,0.0,0
2012-07-09,43.4,43.88,43.04,43.35,7805700,0.0,0
2012-07-10,43.48,43.77,42.94,43.23,10072300,0.0,0
2012-07-11,43.07,43.22,42.02,42.6,14663200,0.0,0
2012-07-12,42.19,42.62,41.62,42.1,11685300,0.0,0
2012-07-13,42.03,43.25,42.02,43.08,10125400,0.0,0
2012-07-16,43.3,43.36,42.28,42.6,11611400,0.0,0
2012-07-17,42.78,43.36,41.6,42.67,15934200,0.0,0
2012-07-18,42.75,44.38,42.74,43.92,21808000,0.0,0
2012-07-19,46.11,46.15,45.05,45.79,26039100,0.0,0
2012-07-20,45.6,45.91,45.16,45.2,12627500,0.0,0
2012-07-23,44.3,45.18,43.94,44.92,11996000,0.0,0
2012-07-24,45.0,45.05,44.12,44.5,8767200,0.0,0
2012-07-25,44.42,45.22,44.19,44.88,10990200,0.0,0
2012-07-26,45.48,46.05,45.24,45.61,10885800,0.0,0
2012-07-27,46.09,46.65,45.69,46.5,12054200,0.0,0
2012-07-30,46.41,46.91,46.2,46.35,7936700,0.0,0
2012-07-31,46.38,47.16,46.35,46.76,12198300,0.0,0
2012-08-01,47.09,47.15,46.28,46.64,8362600,0.0,0
2012-08-02,46.03,46.78,45.57,46.14,9858200,0.0,0
2012-08-03,46.95,47.29,46.47,47.2,9843000,0.0,0
2012-08-06,47.34,47.41,47.02,47.12,7178400,0.0,0
2012-08-07,47.27,48.11,47.2,48.07,10143300,0.0,0
2012-08-08,47.99,48.23,47.78,48.15,6544000,0.0,0
2012-08-09,48.21,48.58,48.01,48.58,7022400,0.0,0
2012-08-10,48.36,48.62,48.08,48.57,5528500,0.0,0
2012-08-13,48.29,48.73,48.14,48.66,10550300,0.0,0
2012-08-14,48.9,49.44,48.71,48.89,10231100,0.0,0
2012-08-15,48.75,49.2,48.51,48.99,7968200,0.0,0
2012-08-16,49.13,49.37,48.98,49.03,9448300,0.0,0
2012-08-17,49.29,49.63,49.01,49.59,13204000,0.0,0
2012-08-20,49.44,49.59,48.86,49.21,7624000,0.0,0
2012-08-21,49.21,49.59,48.26,48.65,12461300,0.0,0
2012-08-22,48.7,48.95,48.31,48.72,7209900,0.0,0
2012-08-23,48.61,48.84,48.39,48.61,5463600,0.0,0
2012-08-24,48.57,49.07,48.39,48.92,6402100,0.0,0
2012-08-27,49.01,49.06,48.61,48.87,5579600,0.0,0
2012-08-28,48.76,49.01,48.48,48.59,7113600,0.0,0
2012-08-29,48.57,48.94,48.41,48.67,7550600,0.0,0
2012-08-30,48.3,48.56,47.85,47.96,7724400,0.0,0
2012-08-31,48.26,48.35,47.63,48.16,9017800,0.0,0
2012-09-04,47.96,48.11,47.34,47.65,9460200,0.0,0
2012-09-05,47.76,47.9,47.43,47.74,7637100,0.25,0
2012-09-06,48.23,49.31,48.15,49.27,11152700,0.0,0
2012-09-07,49.18,49.54,48.69,48.73,11786200,0.0,0
2012-09-10,48.78,49.31,48.11,48.22,12110300,0.0,0
2012-09-11,48.24,48.91,48.23,48.67,9352200,0.0,0
2012-09-12,49.02,49.28,48.76,49.13,8675400,0.0,0
2012-09-13,49.24,50.55,49.18,50.24,13965900,0.0,0
2012-09-14,50.49,51.36,50.41,51.05,15970700,0.0,0
2012-09-17,51.18,51.18,50.7,50.99,10085900,0.0,0
2012-09-18,50.84,51.42,50.75,51.21,8571000,0.0,0
2012-09-19,51.18,51.5,50.76,51.21,10002100,0.0,0
2012-09-20,50.87,50.95,49.72,50.63,13921400,0.0,0
2012-09-21,50.98,51.11,50.54,50.57,18609400,0.0,0
2012-09-24,49.96,50.28,49.6,50.1,11306100,0.0,0
2012-09-25,50.36,50.64,49.32,49.36,13227400,0.0,0
2012-09-26,49.29,49.84,48.84,49.03,10807500,0.0,0
2012-09-27,49.19,50.12,49.09,49.96,8481900,0.0,0
2012-09-28,49.62,49.74,49.0,49.15,9603100,0.0,0
2012-10-01,49.36,49.4,48.41,48.71,10629900,0.0,0
2012-10-02,48.89,49.03,48.41,48.62,8103700,0.0,0
2012-10-03,48.9,49.07,48.49,48.84,7533700,0.0,0
2012-10-04,48.9,49.4,48.52,49.29,7068600,0.0,0
2012-10-05,49.6,50.16,49.11,49.29,10025500,0.0,0
2012-10-08,48.82,49.03,48.3,48.31,9243200,0.0,0
2012-10-09,48.22,48.51,47.44,47.52,12914100,0.0,0
2012-10-10,47.37,47.42,46.93,47.04,11534500,0.0,0
2012-10-11,47.56,47.61,46.55,46.59,8893100,0.0,0
2012-10-12,46.58,46.6,45.71,46.34,14967800,0.0,0
2012-10-15,46.6,46.79,45.82,46.65,13527900,0.0,0
2012-10-16,46.81,47.56,46.58,47.49,10443200,0.0,0
2012-10-17,47.12,48.2,47.12,47.98,11048200,0.0,0
2012-10-18,48.02,48.03,46.9,47.18,15806600,0.0,0
2012-10-19,47.2,47.2,46.03,46.23,14977800,0.0,0
2012-10-22,46.03,46.25,45.66,46.17,10730700,0.0,0
2012-10-23,45.71,46.18,45.38,45.88,9623200,0.0,0
2012-10-24,46.28,46.38,45.22,45.34,11584500,0.0,0
2012-10-25,45.63,45.8,45.08,45.19,8927700,0.0,0
2012-10-26,45.48,46.59,45.4,46.45,13502400,0.0,0
2012-10-31,46.54,46.8,45.89,46.12,10695100,0.0,0
2012-11-01,46.19,47.11,46.05,47.0,9562000,0.0,0
2012-11-02,47.21,47.29,46.6,46.66,7999300,0.0,0
2012-11-05,47.32,47.64,47.05,47.55,10384000,0.0,0
2012-11-06,47.64,47.78,47.22,47.5,9513000,0.0,0
2012-11-07,46.74,46.98,45.72,45.73,22730600,0.0,0
2012-11-08,49.38,49.41,47.51,47.74,32220300,0.0,0
2012-11-09,48.09,48.97,48.03,48.48,17209200,0.0,0
2012-11-12,48.66,48.88,48.11,48.48,8222800,0.0,0
2012-11-13,48.26,49.38,48.15,48.89,13091200,0.0,0
2012-11-14,49.04,49.23,48.41,48.57,15412500,0.0,0
2012-11-15,48.5,49.01,47.87,48.22,14634500,0.0,0
2012-11-16,48.3,48.81,47.8,48.73,15580300,0.0,0
2012-11-19,49.18,49.22,48.82,48.85,12168800,0.0,0
2012-11-20,48.74,49.04,48.3,48.89,9751700,0.0,0
2012-11-21,48.92,49.22,48.69,48.89,7841800,0.0,0
2012-11-23,49.06,49.7,48.94,49.67,4803200,0.0,0
2012-11-26,49.37,49.6,48.81,49.17,11120000,0.0,0
2012-11-27,49.26,49.35,48.73,48.99,9150100,0.0,0
2012-11-28,48.67,49.32,48.52,49.29,9932500,0.0,0
2012-11-29,49.61,50.11,49.48,49.85,11977500,0.0,0
2012-11-30,50.06,50.21,49.7,50.06,13017300,0.0,0
2012-12-03,50.29,50.32,49.76,49.86,8558400,0.0,0
2012-12-04,49.92,50.03,49.57,49.94,10194200,0.0,0
2012-12-05,49.84,50.54,49.74,50.26,11632000,0.25,0
2012-12-06,50.24,50.71,50.08,50.71,8947000,0.0,0
2012-12-07,50.81,50.87,50.15,50.45,9271900,0.0,0
2012-12-10,50.4,50.75,50.3,50.5,7277600,0.0,0
2012-12-11,50.69,51.09,50.63,50.83,9745700,0.0,0
2012-12-12,50.96,51.12,50.03,50.15,11690000,0.0,0
2012-12-13,49.82,50.56,49.37,49.58,12997200,0.0,0
2012-12-14,48.64,48.95,46.95,47.26,37041800,0.0,0
2012-12-17,47.56,49.02,47.32,49.01,20747200,0.0,0
2012-12-18,49.29,50.12,49.09,50.05,12934000,0.0,0
2012-12-19,50.01,50.19,49.39,49.41,14141800,0.0,0
2012-12-20,49.71,49.89,49.39,49.66,10469400,0.0,0
2012-12-21,48.59,49.38,48.47,48.67,20090400,0.0,0
2012-12-24,48.58,48.94,48.5,48.9,5774900,0.0,0
2012-12-26,48.88,49.18,48.42,48.65,7072600,0.0,0
2012-12-27,48.64,48.78,47.96,48.59,8218400,0.0,0
2012-12-28,48.3,48.66,47.83,47.9,7946400,0.0,0
2012-12-31,47.81,49.17,47.57,48.87,15214600,0.0,0
2013-01-02,50.22,51.15,50.19,51.15,17582200,0.0,0
2013-01-03,51.2,51.5,50.63,50.91,14118200,0.0,0
2013-01-04,50.63,50.83,49.94,50.16,13918300,0.0,0
2013-01-07,50.04,50.75,49.89,50.56,10310100,0.0,0
2013-01-08,51.0,51.06,50.24,50.48,12856700,0.0,0
2013-01-09,50.83,51.31,50.77,51.25,12374300,0.0,0
2013-01-10,51.72,51.76,50.86,51.17,13114000,0.0,0
2013-01-11,51.17,51.35,50.82,51.27,6759000,0.0,0
2013-01-14,50.79,51.09,50.37,50.75,12726100,0.0,0
2013-01-15,50.36,50.93,50.18,50.9,6391800,0.0,0
2013-01-16,50.98,51.38,50.77,51.18,10131800,0.0,0
2013-01-17,51.28,51.6,51.19,51.46,7733500,0.0,0
2013-01-18,51.13,51.4,50.92,51.09,12459700,0.0,0
2013-01-22,51.13,51.25,50.6,51.09,8341000,0.0,0
2013-01-23,51.27,51.58,51.08,51.26,9241500,0.0,0
2013-01-24,50.52,51.31,50.44,50.87,12751400,0.0,0
2013-01-25,50.7,50.97,50.06,50.29,15995900,0.0,0
2013-01-28,50.14,50.59,50.13,50.3,12237400,0.0,0
2013-01-29,50.26,50.52,49.24,50.12,12087400,0.0,0
2013-01-30,50.28,50.65,49.96,50.18,19181200,0.0,0
2013-01-31,53.0,53.27,52.1,52.15,27660800,0.0,0
2013-02-01,52.45,52.77,51.84,52.71,14841200,0.0,0
2013-02-04,52.33,53.0,51.63,51.85,14311500,0.0,0
2013-02-05,52.28,53.04,52.04,52.89,12356800,0.0,0
2013-02-06,52.55,53.08,52.51,53.07,11195700,0.0,0
2013-02-07,53.02,53.19,52.15,52.56,11521200,0.0,0
2013-02-08,52.85,53.28,52.39,52.89,7396300,0.0,0
2013-02-11,52.93,53.17,52.73,53.07,6653800,0.0,0
2013-02-12,52.42,52.47,51.76,52.05,16455700,0.0,0
2013-02-13,52.29,52.33,51.5,51.7,8951700,0.0,0
2013-02-14,51.44,51.9,51.37,51.76,13771100,0.0,0
2013-02-15,51.91,52.33,51.43,51.69,11356700,0.0,0
2013-02-19,51.94,52.04,51.59,51.88,7488500,0.0,0
2013-02-20,52.14,52.18,50.94,51.56,12388400,0.0,0
2013-02-21,51.5,51.69,50.81,51.2,11749500,0.0,0
2013-02-22,51.51,51.95,51.09,51.3,7070300,0.0,0
2013-02-25,51.65,53.28,51.19,51.19,13078300,0.0,0
2013-02-26,51.32,51.77,51.32,51.56,10027200,0.0,0
2013-02-27,51.54,52.25,51.35,51.85,8976900,0.0,0
2013-02-28,51.99,52.31,51.83,51.85,9596300,0.0,0
2013-03-01,51.61,52.65,51.47,52.37,11186800,0.0,0
2013-03-04,52.18,52.65,52.03,52.63,7969900,0.0,0
2013-03-05,53.34,54.11,53.33,53.69,16205100,0.0,0
2013-03-06,53.5,53.53,52.5,52.86,16966700,0.25,0
2013-03-07,53.1,53.2,52.65,52.95,9305400,0.0,0
2013-03-08,53.38,53.85,52.72,52.84,8590100,0.0,0
2013-03-11,52.91,53.07,52.57,52.88,6559800,0.0,0
2013-03-12,52.89,53.19,52.62,53.15,9115600,0.0,0
2013-03-13,53.13,53.52,52.85,52.92,9621500,0.0,0
2013-03-14,53.12,53.17,52.61,52.78,9262200,0.0,0
2013-03-15,52.66,52.79,51.33,51.51,26182100,0.0,0
2013-03-18,51.07,51.38,50.27,51.19,14183900,0.0,0
2013-03-19,51.29,51.54,50.67,51.31,10231800,0.0,0
2013-03-20,51.86,52.41,51.33,52.12,12407900,0.0,0
2013-03-21,52.09,52.42,51.58,51.81,9215100,0.0,0
2013-03-22,52.08,52.37,52.01,52.26,8231600,0.0,0
2013-03-25,52.48,52.48,51.76,52.07,9045800,0.0,0
2013-03-26,52.32,52.88,52.23,52.82,9802400,0.0,0
2013-03-27,52.46,52.92,52.14,52.87,6659800,0.0,0
2013-03-28,52.84,53.12,52.75,53.07,7899200,0.0,0
2013-04-01,52.88,52.99,52.02,52.33,8706400,0.0,0
2013-04-02,52.72,52.89,52.25,52.53,9208000,0.0,0
2013-04-03,52.72,52.84,52.28,52.3,10656000,0.0,0
2013-04-04,52.31,52.57,51.81,52.18,7932700,0.0,0
2013-04-05,51.27,51.73,51.18,51.66,10245000,0.0,0
2013-04-08,51.65,52.22,51.61,52.22,5605800,0.0,0
2013-04-09,52.33,52.49,51.79,52.3,12057800,0.0,0
2013-04-10,52.55,53.64,52.48,53.35,11095100,0.0,0
2013-04-11,53.31,53.6,52.82,53.14,11181700,0.0,0
2013-04-12,53.14,53.18,52.4,52.87,10766100,0.0,0
2013-04-15,52.51,52.86,51.88,51.92,9738200,0.0,0
2013-04-16,52.15,52.47,51.84,52.18,10073000,0.0,0
2013-04-17,51.6,51.68,50.75,50.92,14208300,0.0,0
2013-04-18,51.53,52.0,50.15,50.46,15041400,0.0,0
2013-04-19,50.44,50.84,49.97,50.69,12205100,0.0,0
2013-04-22,50.81,51.21,50.41,51.2,11160200,0.0,0
2013-04-23,51.5,51.92,51.23,51.81,9919900,0.0,0
2013-04-24,52.33,52.77,52.18,52.33,17846000,0.0,0
2013-04-25,49.8,49.99,48.99,49.51,56907000,0.0,0
2013-04-26,49.56,49.7,48.74,48.78,28621800,0.0,0
2013-04-29,49.0,49.24,48.78,48.85,22797600,0.0,0
2013-04-30,48.84,49.25,48.56,48.84,21041900,0.0,0
2013-05-01,48.7,49.21,48.7,49.09,14881300,0.0,0
2013-05-02,49.27,49.96,49.1,49.86,15142600,0.0,0
2013-05-03,50.36,50.62,50.2,50.56,10548800,0.0,0
2013-05-06,50.6,51.0,50.54,50.63,10558100,0.0,0
2013-05-07,50.59,50.92,50.37,50.72,9762800,0.0,0
2013-05-08,50.66,51.14,50.66,50.84,11134400,0.0,0
2013-05-09,50.91,51.14,50.69,50.83,9502100,0.0,0
2013-05-10,50.75,51.25,50.75,51.25,9430400,0.0,0
2013-05-13,51.01,51.59,50.89,51.39,9940700,0.0,0
2013-05-14,51.54,51.79,51.33,51.79,8986200,0.0,0
2013-05-15,51.8,52.01,51.57,51.96,10591200,0.0,0
2013-05-16,51.88,52.49,51.82,52.04,11532100,0.0,0
2013-05-17,52.5,52.86,51.99,52.81,11528400,0.0,0
2013-05-20,52.57,52.8,52.34,52.41,10222500,0.0,0
2013-05-21,52.07,52.49,52.01,52.14,11231000,0.0,0
2013-05-22,52.03,52.45,51.44,51.72,13391500,0.0,0
2013-05-23,51.21,51.48,50.45,50.67,19154200,0.0,0
2013-05-24,50.5,51.02,50.35,50.95,10522400,0.0,0
2013-05-28,51.25,51.44,50.76,50.8,10913300,0.0,0
2013-05-29,50.57,50.98,50.35,50.83,13122300,0.0,0
2013-05-30,50.85,51.35,50.77,50.89,10866800,0.0,0
2013-05-31,50.66,51.2,50.33,50.33,12413500,0.0,0
2013-06-03,50.52,50.76,49.98,50.41,13371100,0.35,0
2013-06-04,50.57,51.06,50.39,50.79,14394800,0.0,0
2013-06-05,50.74,50.74,49.97,50.35,10345000,0.0,0
2013-06-06,50.5,50.88,49.85,50.2,10775900,0.0,0
2013-06-07,50.15,50.31,48.97,49.51,29483700,0.0,0
2013-06-10,49.52,49.59,49.17,49.45,11084000,0.0,0
2013-06-11,49.01,49.47,48.75,49.16,11794100,0.0,0
2013-06-12,49.41,49.41,48.64,48.72,14631700,0.0,0
2013-06-13,48.81,49.53,48.43,49.4,11578600,0.0,0
2013-06-14,49.26,49.37,48.9,48.94,9871600,0.0,0
2013-06-17,49.12,49.71,49.02,49.49,13528500,0.0,0
2013-06-18,49.66,50.01,49.44,49.73,11624400,0.0,0
2013-06-19,49.93,50.07,49.29,49.36,11231900,0.0,0
2013-06-20,48.95,49.32,48.37,48.57,14425500,0.0,0
2013-06-21,48.58,48.67,48.01,48.37,25052800,0.0,0
2013-06-24,47.83,48.0,47.4,47.74,17769700,0.0,0
2013-06-25,48.17,49.73,48.13,49.28,21204900,0.0,0
2013-06-26,49.88,50.16,48.77,48.85,22000700,0.0,0
2013-06-27,49.13,49.25,48.36,48.7,14249000,0.0,0
2013-06-28,48.35,49.13,48.27,48.7,13533100,0.0,0
2013-07-01,49.02,49.12,48.55,48.6,7457400,0.0,0
2013-07-02,48.42,48.82,48.34,48.57,7922200,0.0,0
2013-07-03,48.42,48.9,48.36,48.56,4380100,0.0,0
2013-07-05,48.43,48.6,48.05,48.59,11158000,0.0,0
2013-07-08,48.43,48.58,47.7,47.83,17681600,0.0,0
2013-07-09,47.95,48.11,47.05,47.35,24848100,0.0,0
2013-07-10,47.22,48.35,47.2,48.19,19127100,0.0,0
2013-07-11,48.75,48.93,48.48,48.87,13293700,0.0,0
2013-07-12,48.91,49.45,48.86,49.45,11053300,0.0,0
2013-07-15,48.94,49.16,48.51,48.86,14772100,0.0,0
2013-07-16,49.02,49.33,48.79,49.31,13334400,0.0,0
2013-07-17,49.47,49.96,49.08,49.95,12761700,0.0,0
2013-07-18,49.38,49.45,48.49,48.73,23681900,0.0,0
2013-07-19,48.81,49.09,48.7,49.0,14614700,0.0,0
2013-07-22,49.17,49.6,49.02,49.6,12712900,0.0,0
2013-07-23,49.64,50.03,49.6,49.67,9017900,0.0,0
2013-07-24,50.14,50.19,48.78,48.94,20129500,0.0,0
2013-07-25,50.62,51.38,50.14,50.56,24796700,0.0,0
2013-07-26,50.16,51.66,50.09,51.51,18064400,0.0,0
2013-07-29,51.4,51.74,51.16,51.22,9304700,0.0,0
2013-07-30,51.6,51.97,51.33,51.43,11528900,0.0,0
2013-07-31,51.5,51.78,51.34,51.47,12417500,0.0,0
2013-08-01,51.65,52.2,51.27,52.04,11595600,0.0,0
2013-08-02,51.73,53.22,51.73,53.22,19320500,0.0,0
2013-08-05,52.15,52.93,52.08,52.82,13249800,0.0,0
2013-08-06,52.76,52.86,52.24,52.29,7952400,0.0,0
2013-08-07,52.04,52.49,51.82,51.99,9489900,0.0,0
2013-08-08,52.29,53.13,52.11,52.9,12876400,0.0,0
2013-08-09,52.89,53.06,52.65,52.83,7891400,0.0,0
2013-08-12,52.53,53.11,52.46,52.99,7244700,0.0,0
2013-08-13,53.2,53.77,53.04,53.61,12605200,0.0,0
2013-08-14,53.48,53.59,53.12,53.38,9322600,0.0,0
2013-08-15,52.9,53.38,52.78,53.38,11462800,0.0,0
2013-08-16,53.17,53.75,53.17,53.34,13888900,0.0,0
2013-08-19,53.32,53.73,52.85,52.88,9063600,0.0,0
2013-08-20,53.04,53.53,52.87,53.18,9064900,0.0,0
2013-08-21,52.87,53.42,52.77,53.07,8471500,0.0,0
2013-08-22,53.17,53.55,53.13,53.52,6694200,0.0,0
2013-08-23,53.42,53.69,53.1,53.54,8374900,0.0,0
2013-08-26,53.44,53.61,53.26,53.38,10388700,0.0,0
2013-08-27,52.87,53.14,52.55,52.63,9058400,0.0,0
2013-08-28,52.67,53.29,52.61,53.06,8511300,0.0,0
2013-08-29,53.07,53.53,52.94,53.18,6551500,0.0,0
2013-08-30,53.4,53.42,52.69,53.12,8441300,0.35,0
2013-09-03,53.63,54.29,53.31,53.5,11906500,0.0,0
2013-09-04,53.55,54.11,53.54,53.92,7900100,0.0,0
2013-09-05,53.96,54.47,53.89,54.36,8074600,0.0,0
2013-09-06,54.48,54.86,53.99,54.51,10267200,0.0,0
2013-09-09,54.5,55.6,54.5,55.54,13633400,0.0,0
2013-09-10,55.61,56.4,55.61,56.17,14610700,0.0,0
2013-09-11,54.73,54.98,54.09,54.57,21086500,0.0,0
2013-09-12,55.08,55.88,54.9,55.15,17294200,0.0,0
2013-09-13,55.47,55.49,54.79,54.96,11713800,0.0,0
2013-09-16,55.32,55.34,54.47,54.57,12018800,0.0,0
2013-09-17,54.79,55.67,54.62,55.64,14140700,0.0,0
2013-09-18,55.68,56.0,55.23,55.81,11062900,0.0,0
2013-09-19,55.87,56.13,55.64,55.67,12310200,0.0,0
2013-09-20,55.72,56.01,55.3,55.35,18278300,0.0,0
2013-09-23,56.1,56.29,55.2,55.28,13520800,0.0,0
2013-09-24,55.08,55.23,54.61,54.91,8067600,0.0,0
2013-09-25,54.85,55.36,54.71,55.1,7053700,0.0,0
2013-09-26,55.36,55.58,55.06,55.2,4987100,0.0,0
2013-09-27,54.65,54.72,53.76,54.0,10850300,0.0,0
2013-09-30,53.65,54.17,53.34,53.95,8551800,0.0,0
2013-10-01,54.02,54.4,53.83,54.09,6876700,0.0,0
2013-10-02,53.72,54.29,53.66,54.24,6106600,0.0,0
2013-10-03,54.27,54.27,53.46,53.79,6164200,0.0,0
2013-10-04,53.9,54.65,53.8,54.51,7852400,0.0,0
2013-10-07,53.21,54.22,53.14,53.85,12189800,0.0,0
2013-10-08,53.84,53.88,53.1,53.18,8077900,0.0,0
2013-10-09,53.34,53.36,52.47,52.66,11099600,0.0,0
2013-10-10,53.07,53.67,52.9,53.57,7416700,0.0,0
2013-10-11,53.67,54.18,53.37,54.14,7119400,0.0,0
2013-10-14,53.79,54.45,53.63,54.3,5548100,0.0,0
2013-10-15,54.5,55.06,54.34,54.64,7727500,0.0,0
2013-10-16,54.9,55.38,54.81,55.2,8290300,0.0,0
2013-10-17,54.73,55.11,54.38,55.06,7436700,0.0,0
2013-10-18,54.88,55.28,54.68,54.82,8244700,0.0,0
2013-10-21,54.91,55.26,54.79,55.12,5636100,0.0,0
2013-10-22,55.18,55.5,55.13,55.24,8090900,0.0,0
2013-10-23,54.71,54.9,53.63,53.73,13641800,0.0,0
2013-10-24,54.07,54.11,53.55,53.65,7021700,0.0,0
2013-10-25,53.86,54.72,53.7,54.72,10251700,0.0,0
2013-10-28,54.81,55.0,54.47,54.93,7655100,0.0,0
2013-10-29,55.08,55.61,54.98,55.24,8219900,0.0,0
2013-10-30,55.29,55.58,55.16,55.33,7184700,0.0,0
2013-10-31,55.45,56.09,55.11,55.69,11205000,0.0,0
2013-11-01,55.73,56.1,55.56,56.02,10847200,0.0,0
2013-11-04,56.21,56.25,55.5,55.76,9294400,0.0,0
2013-11-05,55.5,55.74,55.19,55.31,8602600,0.0,0
2013-11-06,55.64,55.95,55.04,55.89,13386400,0.0,0
2013-11-07,53.56,54.3,53.1,53.77,33825700,0.0,0
2013-11-08,54.03,54.53,53.75,54.06,14752500,0.0,0
2013-11-11,53.94,54.43,53.84,54.19,10570000,0.0,0
2013-11-12,54.13,54.96,54.13,54.91,9940700,0.0,0
2013-11-13,55.29,56.13,54.94,56.13,13677400,0.0,0
2013-11-14,56.09,57.29,55.98,57.08,14855400,0.0,0
2013-11-15,57.18,57.85,56.98,57.84,14220700,0.0,0
2013-11-18,57.93,57.95,57.48,57.66,10955800,0.0,0
2013-11-19,57.85,58.05,57.49,57.58,10544800,0.0,0
2013-11-20,57.66,58.03,56.83,56.93,15105700,0.0,0
2013-11-21,56.42,57.55,56.42,57.47,13592000,0.0,0
2013-11-22,57.63,58.58,57.6,58.47,12561200,0.0,0
2013-11-25,56.98,58.13,56.87,58.1,16549300,0.0,0
2013-11-26,58.26,59.03,58.18,59.03,16426800,0.0,0
2013-11-27,58.98,59.25,58.63,59.24,7915200,0.35,0
2013-11-29,59.2,59.5,58.99,59.25,6060000,0.0,0
2013-12-02,59.21,59.49,58.98,59.14,8851600,0.0,0
2013-12-03,58.94,59.16,58.73,59.04,7944900,0.0,0
2013-12-04,58.8,59.19,58.66,58.93,6507100,0.0,0
2013-12-05,58.79,59.13,58.7,58.97,7728800,0.0,0
2013-12-06,59.27,59.57,58.87,59.4,6883800,0.0,0
2013-12-09,59.49,59.74,58.74,59.08,8881800,0.0,0
2013-12-10,59.03,59.46,58.86,59.09,10720800,0.0,0
2013-12-11,59.59,59.68,58.75,58.79,10018000,0.0,0
2013-12-12,58.79,59.12,58.37,58.57,7509600,0.0,0
2013-12-13,59.15,59.16,58.41,58.45,8723400,0.0,0
2013-12-16,58.96,58.99,58.38,58.62,9029400,0.0,0
2013-12-17,58.51,58.77,58.19,58.72,8615500,0.0,0
2013-12-18,58.54,58.95,57.72,58.93,9383500,0.0,0
2013-12-19,58.91,59.03,58.08,58.33,8790300,0.0,0
2013-12-20,58.31,58.82,58.17,58.71,21662500,0.0,0
2013-12-23,59.2,59.24,58.4,58.66,9168100,0.0,0
2013-12-24,58.52,58.99,58.5,58.82,2597500,0.0,0
2013-12-26,58.83,59.33,58.83,59.17,4609200,0.0,0
2013-12-27,59.39,59.61,59.32,59.43,5042300,0.0,0
2013-12-30,59.32,59.51,59.19,59.24,5389900,0.0,0
2013-12-31,59.4,59.85,59.3,59.79,5725100,0.0,0
2014-01-02,59.28,59.41,58.99,59.04,10110200,0.0,0
2014-01-03,59.05,59.17,58.33,58.7,7970400,0.0,0
2014-01-06,58.85,58.95,58.42,58.54,7696200,0.0,0
2014-01-07,58.62,59.04,58.46,58.98,5902700,0.0,0
2014-01-08,58.91,59.33,58.53,59.33,8976900,0.0,0
2014-01-09,59.62,59.67,59.33,59.52,9067900,0.0,0
2014-01-10,59.68,59.99,58.92,59.49,8877600,0.0,0
2014-01-13,59.41,59.81,58.65,58.96,8576300,0.0,0
2014-01-14,58.28,59.35,58.28,59.1,9924300,0.0,0
2014-01-15,59.16,60.15,59.11,60.0,10000700,0.0,0
2014-01-16,59.97,60.3,59.6,60.17,10263200,0.0,0
2014-01-17,60.15,60.38,59.94,60.18,12272700,0.0,0
2014-01-21,60.4,60.86,60.28,60.77,8806800,0.0,0
2014-01-22,60.8,61.09,60.49,61.02,7242400,0.0,0
2014-01-23,60.79,61.12,60.52,61.1,8078300,0.0,0
2014-01-24,60.63,60.75,59.64,59.66,11916500,0.0,0
2014-01-27,59.6,59.88,58.58,58.95,12580700,0.0,0
2014-01-28,57.98,58.9,57.78,57.97,18188900,0.0,0
2014-01-29,57.5,58.04,57.16,57.27,16625000,0.0,0
2014-01-30,58.5,59.11,57.96,58.99,17741800,0.0,0
2014-01-31,58.53,59.99,58.48,59.77,15420700,0.0,0
2014-02-03,59.33,59.55,58.73,59.04,15929600,0.0,0
2014-02-04,59.11,59.15,58.21,58.39,11704500,0.0,0
2014-02-05,58.06,58.51,58.0,58.28,10481600,0.0,0
2014-02-06,58.58,59.05,58.24,58.98,8178700,0.0,0
2014-02-07,59.11,59.97,58.95,59.92,8891200,0.0,0
2014-02-10,59.75,60.18,59.5,60.15,7598300,0.0,0
2014-02-11,60.24,60.98,60.02,60.9,8934900,0.0,0
2014-02-12,60.93,61.72,60.93,61.54,11498600,0.0,0
2014-02-13,61.2,61.81,61.2,61.56,9047200,0.0,0
2014-02-14,61.21,61.54,61.06,61.43,8325500,0.0,0
2014-02-18,61.4,61.4,60.82,60.88,8850100,0.0,0
2014-02-19,60.69,61.19,60.48,61.02,8527600,0.0,0
2014-02-20,61.17,61.36,60.94,61.16,7194200,0.0,0
2014-02-21,61.35,61.64,60.86,60.89,8725000,0.0,0
2014-02-24,61.18,61.19,60.71,60.74,9191900,0.0,0
2014-02-25,60.9,61.1,60.19,60.32,6974800,0.0,0
2014-02-26,60.52,60.8,60.32,60.44,5545900,0.0,0
2014-02-27,60.31,60.61,59.99,60.55,9465100,0.0,0
2014-02-28,60.73,60.74,60.28,60.63,9451900,0.0,0
2014-03-03,60.37,60.39,59.09,59.57,11401400,0.35,0
2014-03-04,61.08,62.13,60.96,61.58,13513600,0.0,0
2014-03-05,61.84,62.26,61.32,62.03,6774600,0.0,0
2014-03-06,62.3,62.44,61.92,62.3,7747100,0.0,0
2014-03-07,62.38,62.46,61.84,62.13,7276900,0.0,0
2014-03-10,62.13,62.35,61.93,62.35,7704100,0.0,0
2014-03-11,62.37,62.46,61.96,62.06,8272900,0.0,0
2014-03-12,61.96,62.41,61.74,62.27,6897300,0.0,0
2014-03-13,62.3,62.39,60.99,61.19,8956100,0.0,0
2014-03-14,60.86,61.41,60.27,60.47,10508000,0.0,0
2014-03-17,61.26,62.55,61.11,62.31,13851500,0.0,0
2014-03-18,62.45,62.9,62.22,62.66,7932100,0.0,0
2014-03-19,62.47,62.76,61.83,62.14,7808200,0.0,0
2014-03-20,62.12,63.4,62.05,63.19,10264100,0.0,0
2014-03-21,63.94,63.94,62.71,63.26,27473300,0.0,0
2014-03-24,63.46,63.67,62.55,62.89,11314000,0.0,0
2014-03-25,63.21,63.72,63.1,63.56,8131800,0.0,0
2014-03-26,63.77,64.42,63.36,63.36,14202600,0.0,0
2014-03-27,63.45,64.5,63.36,63.95,10373200,0.0,0
2014-03-28,64.32,64.32,63.19,64.14,8550900,0.0,0
2014-03-31,64.31,64.41,63.76,63.8,7769900,0.0,0
2014-04-01,64.25,64.85,63.91,64.8,10588800,0.0,0
2014-04-02,64.71,64.93,64.52,64.84,7410400,0.0,0
2014-04-03,64.89,65.78,64.89,65.17,8723900,0.0,0
2014-04-04,65.61,65.82,63.48,63.53,11250700,0.0,0
2014-04-07,63.11,64.12,62.78,63.17,10082600,0.0,0
2014-04-08,62.87,63.87,62.68,63.83,9079100,0.0,0
2014-04-09,64.12,64.67,63.79,64.67,8468500,0.0,0
2014-04-10,64.8,64.97,62.98,63.16,10322000,0.0,0
2014-04-11,62.72,63.85,62.72,63.11,9288900,0.0,0
2014-04-14,63.67,64.08,63.13,64.03,8170500,0.0,0
2014-04-15,63.91,64.67,63.51,64.31,8785700,0.0,0
2014-04-16,64.72,64.95,64.25,64.87,7286100,0.0,0
2014-04-17,64.84,65.81,64.76,65.79,10566100,0.0,0
2014-04-21,65.69,66.07,65.18,65.48,5963900,0.0,0
2014-04-22,65.67,65.81,65.19,65.22,8098800,0.0,0
2014-04-23,65.53,65.53,64.85,65.3,13593900,0.0,0
2014-04-24,62.7,63.61,62.11,63.0,22779700,0.0,0
2014-04-25,62.77,63.01,62.56,62.79,10507700,0.0,0
2014-04-28,63.11,63.59,62.6,63.15,12603300,0.0,0
2014-04-29,63.62,63.92,63.29,63.53,8034000,0.0,0
2014-04-30,63.56,63.8,63.22,63.68,9443100,0.0,0
2014-05-01,63.53,64.31,63.53,63.91,7017800,0.0,0
2014-05-02,64.16,64.16,63.51,63.91,6063000,0.0,0
2014-05-05,63.72,64.66,63.52,64.37,7525600,0.0,0
2014-05-06,64.1,64.42,63.71,64.17,8169500,0.0,0
2014-05-07,64.5,64.67,63.45,64.18,8794700,0.0,0
2014-05-08,64.19,64.8,63.88,64.32,7434600,0.0,0
2014-05-09,64.67,64.67,63.57,64.32,5965900,0.0,0
2014-05-12,64.5,64.82,64.42,64.7,6632100,0.0,0
2014-05-13,64.66,65.04,64.55,65.02,5854300,0.0,0
2014-05-14,64.59,65.52,64.59,65.06,8228200,0.0,0
2014-05-15,65.0,65.38,64.06,64.55,10423100,0.0,0
2014-05-16,64.48,64.54,63.72,64.25,8376800,0.0,0
2014-05-19,64.09,64.72,64.08,64.57,5427200,0.0,0
2014-05-20,64.68,65.01,64.33,64.61,8434000,0.0,0
2014-05-21,64.05,64.71,64.01,64.46,7671500,0.0,0
2014-05-22,64.3,64.66,64.26,64.37,6303800,0.0,0
2014-05-23,64.71,64.72,64.31,64.63,4580600,0.0,0
2014-05-27,64.67,65.13,64.64,65.1,8079500,0.0,0
2014-05-28,64.89,65.32,64.85,64.9,7659100,0.0,0
2014-05-29,65.19,65.19,64.63,64.88,9704000,0.0,0
2014-05-30,64.99,65.15,64.66,65.09,7337000,0.0,0
2014-06-02,65.6,65.71,65.1,65.45,7238400,0.42,0
2014-06-03,65.21,65.62,65.03,65.39,7554500,0.0,0
2014-06-04,65.32,65.38,64.82,65.0,6658500,0.0,0
2014-06-05,64.92,65.01,64.37,64.79,9176200,0.0,0
2014-06-06,65.23,65.47,64.9,65.37,6387900,0.0,0
2014-06-09,65.29,65.45,64.82,65.02,5181500,0.0,0
2014-06-10,65.03,65.03,64.36,64.4,8582900,0.0,0
2014-06-11,64.25,64.66,63.79,64.42,7404600,0.0,0
2014-06-12,64.36,64.87,64.1,64.53,7524900,0.0,0
2014-06-13,64.62,64.92,64.19,64.34,7440200,0.0,0
2014-06-16,64.11,64.57,63.8,63.97,10423700,0.0,0
2014-06-17,63.79,64.59,63.76,64.38,6840400,0.0,0
2014-06-18,64.8,64.8,63.95,64.4,7340100,0.0,0
2014-06-19,64.49,64.9,64.4,64.86,6781300,0.0,0
2014-06-20,65.05,65.05,64.61,64.95,11878200,0.0,0
2014-06-23,64.76,65.05,64.51,64.6,6145700,0.0,0
2014-06-24,64.5,64.96,63.99,64.07,10652000,0.0,0
2014-06-25,63.84,63.88,63.36,63.48,10701100,0.0,0
2014-06-26,63.76,64.36,63.5,64.06,7556200,0.0,0
2014-06-27,63.9,64.28,63.58,64.24,7732900,0.0,0
2014-06-30,64.37,64.57,63.97,64.41,6562000,0.0,0
2014-07-01,64.53,64.92,64.19,64.84,5872300,0.0,0
2014-07-02,64.91,65.41,64.82,65.2,5440100,0.0,0
2014-07-03,65.47,66.1,65.14,65.87,5735700,0.0,0
2014-07-07,65.61,65.84,65.23,65.73,5873900,0.0,0
2014-07-08,65.58,65.76,65.4,65.59,7787900,0.0,0
2014-07-09,65.97,65.97,65.37,65.69,5071200,0.0,0
2014-07-10,65.01,65.62,64.9,65.41,5090200,0.0,0
2014-07-11,64.98,65.23,64.37,64.74,8623300,0.0,0
2014-07-14,64.61,64.88,64.56,64.67,7609800,0.0,0
2014-07-15,64.57,64.99,64.37,64.61,5984000,0.0,0
2014-07-16,64.84,65.01,64.72,64.75,6266900,0.0,0
2014-07-17,64.34,64.42,63.34,63.53,12569900,0.0,0
2014-07-18,63.88,64.6,63.64,64.57,8373000,0.0,0
2014-07-21,64.58,65.04,64.34,64.79,7654300,0.0,0
2014-07-22,65.14,66.58,65.05,66.31,10753200,0.0,0
2014-07-23,66.6,66.67,66.22,66.36,10326300,0.0,0
2014-07-24,63.11,63.14,61.53,61.95,37728500,0.0,0
2014-07-25,61.81,62.28,61.66,61.89,13574800,0.0,0
2014-07-28,61.89,62.01,61.43,61.67,10938900,0.0,0
2014-07-29,61.53,61.77,61.21,61.25,11324900,0.0,0
2014-07-30,61.55,62.0,61.12,61.84,10726100,0.0,0
2014-07-31,61.31,61.48,59.9,59.96,15257100,0.0,0
2014-08-01,59.91,60.06,58.41,59.0,15202500,0.0,0
2014-08-04,59.26,59.75,59.23,59.58,13114200,0.0,0
2014-08-05,59.53,59.65,59.01,59.17,10306400,0.0,0
2014-08-06,58.9,59.49,58.69,59.28,7324400,0.0,0
2014-08-07,59.6,59.65,58.83,58.96,9402400,0.0,0
2014-08-08,59.14,60.15,58.96,60.09,9140700,0.0,0
2014-08-11,60.35,60.98,60.12,60.78,8818500,0.0,0
2014-08-12,60.88,60.94,60.1,60.3,7790000,0.0,0
2014-08-13,60.65,60.71,60.22,60.59,7047800,0.0,0
2014-08-14,60.8,60.99,60.67,60.8,6482100,0.0,0
2014-08-15,61.1,61.1,60.18,60.52,9794400,0.0,0
2014-08-18,60.86,61.08,60.68,61.02,5180200,0.0,0
2014-08-19,61.04,61.18,60.92,61.1,7903300,0.0,0
2014-08-20,60.63,62.33,60.63,62.17,12123300,0.0,0
2014-08-21,62.31,62.88,62.18,62.44,8646500,0.0,0
2014-08-22,62.39,62.8,62.39,62.48,5082400,0.0,0
2014-08-25,62.76,62.87,62.09,62.29,4752000,0.0,0
2014-08-26,62.48,62.7,62.02,62.63,6754000,0.0,0
2014-08-27,62.75,62.78,62.21,62.6,7846200,0.0,0
2014-08-28,62.37,62.54,62.06,62.09,5243100,0.0,0
2014-08-29,62.64,62.64,61.96,62.23,6483700,0.42,0
2014-09-02,62.09,62.22,61.13,61.38,9821500,0.0,0
2014-09-03,61.72,61.92,61.19,61.24,9791200,0.0,0
2014-09-04,61.51,61.78,61.02,61.42,8412100,0.0,0
2014-09-05,61.33,62.03,61.24,62.0,8471600,0.0,0
2014-09-08,61.73,62.35,61.73,62.07,6281400,0.0,0
2014-09-09,62.07,62.24,61.75,62.02,6266100,0.0,0
2014-09-10,61.99,62.36,61.96,62.09,6523400,0.0,0
2014-09-11,61.81,62.25,61.5,62.24,6898700,0.0,0
2014-09-12,61.99,62.04,61.51,61.6,8309300,0.0,0
2014-09-15,61.74,61.81,61.33,61.4,6637300,0.0,0
2014-09-16,61.4,62.13,61.25,61.91,7519800,0.0,0
2014-09-17,61.87,62.29,61.56,62.01,7212700,0.0,0
2014-09-18,62.08,62.52,62.01,62.51,7274000,0.0,0
2014-09-19,62.97,62.97,61.65,61.77,15396000,0.0,0
2014-09-22,61.73,62.43,61.56,62.39,10447100,0.0,0
2014-09-23,62.34,62.62,62.0,62.01,8788800,0.0,0
2014-09-24,61.87,62.35,61.68,62.35,6097800,0.0,0
2014-09-25,62.18,62.29,61.11,61.18,7452200,0.0,0
2014-09-26,61.0,61.44,60.66,61.38,6816400,0.0,0
2014-09-29,61.03,61.4,60.65,61.19,6630800,0.0,0
2014-09-30,61.11,61.41,60.61,61.15,8894400,0.0,0
2014-10-01,61.04,61.18,60.39,60.42,9098800,0.0,0
2014-10-02,60.63,60.63,59.83,60.24,7489200,0.0,0
2014-10-03,60.42,61.5,60.41,61.22,7978400,0.0,0
2014-10-06,61.33,61.61,60.77,61.11,6217300,0.0,0
2014-10-07,60.7,60.87,60.09,60.12,8242000,0.0,0
2014-10-08,60.06,61.69,59.88,61.49,9851600,0.0,0
2014-10-09,61.51,61.58,60.48,60.58,9914600,0.0,0
2014-10-10,60.12,60.47,58.23,58.24,17357100,0.0,0
2014-10-13,58.21,59.29,57.45,57.83,10742600,0.0,0
2014-10-14,58.68,59.45,58.33,58.77,10488400,0.0,0
2014-10-15,58.14,59.4,57.47,58.23,14883500,0.0,0
2014-10-16,57.11,58.79,56.72,58.18,11997100,0.0,0
2014-10-17,58.92,59.6,58.5,59.23,8467100,0.0,0
2014-10-20,58.92,59.94,58.88,59.92,6492300,0.0,0
2014-10-21,60.46,61.42,60.38,61.33,8733300,0.0,0
2014-10-22,61.34,61.42,60.72,60.76,7127900,0.0,0
2014-10-23,61.33,61.66,61.12,61.45,9750000,0.0,0
2014-10-24,61.68,62.16,61.26,62.15,6238500,0.0,0
2014-10-27,62.04,62.18,61.55,62.02,4761500,0.0,0
2014-10-28,62.31,62.66,62.14,62.62,6314800,0.0,0
2014-10-29,62.56,63.28,62.41,62.88,5389600,0.0,0
2014-10-30,62.68,63.45,62.59,63.27,5314200,0.0,0
2014-10-31,64.22,64.22,63.53,64.2,10144500,0.0,0
2014-11-03,64.04,64.22,63.75,63.98,8732700,0.0,0
2014-11-04,63.37,63.56,62.48,63.06,15347400,0.0,0
2014-11-05,63.35,63.35,62.5,63.13,13811400,0.0,0
2014-11-06,58.09,58.12,55.34,57.72,70919700,0.0,0
2014-11-07,57.82,57.82,56.53,56.64,24945900,0.0,0
2014-11-10,56.35,57.27,56.01,56.72,14453300,0.0,0
2014-11-11,57.01,57.12,56.45,56.95,10042000,0.0,0
2014-11-12,56.93,57.61,56.66,57.48,9460500,0.0,0
2014-11-13,57.42,57.92,57.4,57.78,9833100,0.0,0
2014-11-14,58.07,58.23,57.69,57.94,7454800,0.0,0
2014-11-17,57.75,57.93,57.4,57.57,7350700,0.0,0
2014-11-18,57.44,58.93,57.44,58.89,10986100,0.0,0
2014-11-19,58.55,58.75,57.54,57.63,11115500,0.0,0
2014-11-20,57.34,57.93,56.92,57.83,12030300,0.0,0
2014-11-21,58.14,58.73,57.81,58.45,15146200,0.0,0
2014-11-24,58.64,58.83,58.21,58.63,9413800,0.0,0
2014-11-25,58.66,59.11,58.56,59.1,12488600,0.0,0
2014-11-26,58.95,59.51,58.91,59.44,6997000,0.42,0
2014-11-28,59.64,60.05,59.28,59.97,5817900,0.0,0
2014-12-01,59.6,59.77,58.64,59.05,9474300,0.0,0
2014-12-02,59.07,60.45,58.69,60.31,17181800,0.0,0
2014-12-03,60.57,61.56,60.41,61.17,13143700,0.0,0
2014-12-04,61.07,61.15,59.99,60.33,9374000,0.0,0
2014-12-05,60.06,60.8,60.06,60.35,6588600,0.0,0
2014-12-08,60.23,60.47,59.4,59.73,7201700,0.0,0
2014-12-09,59.19,60.22,59.11,60.06,7548400,0.0,0
2014-12-10,59.9,60.05,58.58,58.81,9059300,0.0,0
2014-12-11,59.0,59.86,58.87,59.22,9487300,0.0,0
2014-12-12,58.92,59.07,58.06,58.06,8351600,0.0,0
2014-12-15,58.28,58.75,57.24,57.88,11016100,0.0,0
2014-12-16,57.75,59.04,57.65,57.83,11499400,0.0,0
2014-12-17,57.93,59.53,57.69,59.4,11423400,0.0,0
2014-12-18,60.28,60.34,59.73,60.34,8864600,0.0,0
2014-12-19,60.29,60.65,60.19,60.4,16332000,0.0,0
2014-12-22,60.52,61.41,60.42,61.33,9074200,0.0,0
2014-12-23,61.37,61.79,61.26,61.36,6405800,0.0,0
2014-12-24,61.44,61.82,61.4,61.41,3791900,0.0,0
2014-12-26,61.77,62.28,61.69,62.2,4986700,0.0,0
2014-12-29,61.69,62.19,61.55,61.68,5959800,0.0,0
2014-12-30,61.49,62.0,61.45,61.71,6131700,0.0,0
2014-12-31,61.87,62.03,61.12,61.14,7763500,0.0,0
2015-01-02,61.29,61.59,60.66,61.1,6662700,0.0,0
2015-01-05,60.63,61.28,60.57,60.81,12042800,0.0,0
2015-01-06,60.75,61.37,59.83,59.95,11094000,0.0,0
2015-01-07,60.35,61.26,60.01,60.65,10030700,0.0,0
2015-01-08,61.12,61.94,60.99,61.29,10937200,0.0,0
2015-01-09,61.34,61.59,60.57,61.22,9038900,0.0,0
2015-01-12,60.99,61.18,59.95,60.52,8749300,0.0,0
2015-01-13,60.84,61.73,59.68,60.02,12584500,0.0,0
2015-01-14,59.6,60.05,58.76,59.41,13203500,0.0,0
2015-01-15,59.44,59.71,58.44,58.71,10858400,0.0,0
2015-01-16,58.28,58.76,57.68,58.64,12372300,0.0,0
2015-01-20,59.02,60.22,58.55,59.62,12036700,0.0,0
2015-01-21,57.81,59.73,57.54,58.89,17008900,0.0,0
2015-01-22,59.11,59.3,58.27,59.15,10450100,0.0,0
2015-01-23,59.23,59.51,58.76,59.37,8142100,0.0,0
2015-01-26,59.36,59.97,58.99,59.73,9203700,0.0,0
2015-01-27,59.14,59.64,58.35,59.04,11398800,0.0,0
2015-01-28,59.64,59.64,58.28,58.39,15722100,0.0,0
2015-01-29,53.89,54.03,51.39,52.39,47115300,0.0,0
2015-01-30,51.85,52.65,51.32,51.38,26407800,0.0,0
2015-02-02,51.4,54.23,51.21,53.9,21130600,0.0,0
2015-02-03,54.11,55.14,53.86,55.08,16354200,0.0,0
2015-02-04,54.77,55.7,54.39,55.08,13089600,0.0,0
2015-02-05,55.25,55.93,54.94,55.89,10650500,0.0,0
2015-02-06,55.78,55.89,54.35,54.58,11779500,0.0,0
2015-02-09,56.07,56.72,55.08,55.2,15651100,0.0,0
2015-02-10,56.83,57.96,56.62,57.79,36081200,0.0,0
2015-02-11,58.05,58.36,57.58,57.75,13439300,0.0,0
2015-02-12,57.23,57.9,57.22,57.9,12798300,0.0,0
2015-02-13,57.98,58.34,57.8,58.3,8050200,0.0,0
2015-02-17,58.2,58.33,57.96,58.24,8764300,0.0,0
2015-02-18,57.86,58.3,57.67,58.02,8097400,0.0,0
2015-02-19,57.77,58.62,57.75,58.39,9785300,0.0,0
2015-02-20,58.26,58.99,58.07,58.83,8657300,0.0,0
2015-02-23,58.62,58.85,57.88,58.35,8617700,0.0,0
2015-02-24,58.19,58.79,57.88,58.71,10131900,0.0,0
2015-02-25,58.41,59.41,58.41,58.96,10578100,0.0,0
2015-02-26,59.12,59.45,58.9,59.23,9838700,0.0,0
2015-02-27,59.07,59.69,58.57,59.64,10297400,0.0,0
2015-03-02,59.4,60.31,59.25,60.12,8979300,0.42,0
2015-03-03,59.58,59.98,59.03,59.08,9236400,0.0,0
2015-03-04,58.83,59.16,58.38,58.62,8476200,0.0,0
2015-03-05,58.91,58.97,58.49,58.68,6955800,0.0,0
2015-03-06,58.38,59.31,58.34,59.16,12022100,0.0,0
2015-03-09,59.27,60.29,59.27,60.16,12754700,0.0,0
2015-03-10,61.12,61.3,59.45,59.48,29111600,0.0,0
2015-03-11,59.17,59.34,58.11,58.14,21690200,0.0,0
2015-03-12,57.92,58.37,57.25,57.39,16004300,0.0,0
2015-03-13,57.1,57.62,56.53,56.79,13946800,0.0,0
2015-03-16,57.2,57.94,57.01,57.92,11643400,0.0,0
2015-03-17,57.45,58.06,57.26,57.77,11540300,0.0,0
2015-03-18,57.58,58.32,57.14,58.11,10245700,0.0,0
2015-03-19,58.11,58.4,57.73,57.77,6959800,0.0,0
2015-03-20,58.08,58.42,57.74,57.95,22646600,0.0,0
2015-03-23,57.85,58.4,57.76,57.97,7700600,0.0,0
2015-03-24,57.91,58.11,57.06,57.06,9964700,0.0,0
2015-03-25,56.97,56.98,55.6,55.61,11980500,0.0,0
2015-03-26,55.05,55.81,54.34,55.57,13835900,0.0,0
2015-03-27,55.62,56.2,55.23,55.46,8560400,0.0,0
2015-03-30,56.05,57.09,55.81,56.99,11404500,0.0,0
2015-03-31,56.39,57.53,56.39,57.37,13035300,0.0,0
2015-04-01,56.65,57.48,56.63,57.44,10455800,0.0,0
2015-04-02,57.52,57.59,56.06,56.24,14206200,0.0,0
2015-04-06,54.76,56.23,54.75,56.06,11906300,0.0,0
2015-04-07,56.03,56.36,55.65,55.7,13948000,0.0,0
2015-04-08,55.38,55.92,55.38,55.65,15783100,0.0,0
2015-04-09,55.78,57.16,55.69,56.93,14169200,0.0,0
2015-04-10,56.81,57.25,56.65,57.22,10437900,0.0,0
2015-04-13,58.93,59.49,56.79,56.86,28612900,0.0,0
2015-04-14,57.22,57.25,56.76,57.06,12305100,0.0,0
2015-04-15,57.33,57.5,56.42,56.64,11923400,0.0,0
2015-04-16,56.39,56.47,56.04,56.19,10649900,0.0,0
2015-04-17,55.84,56.22,55.4,55.52,14011100,0.0,0
2015-04-20,55.64,56.92,55.59,56.79,12893800,0.0,0
2015-04-21,56.96,57.04,56.57,56.73,7839300,0.0,0
2015-04-22,56.89,57.26,56.47,57.04,13289500,0.0,0
2015-04-23,55.72,56.62,55.4,56.54,18341100,0.0,0
2015-04-24,56.29,56.53,55.99,56.46,8757800,0.0,0
2015-04-27,56.9,57.65,56.77,57.28,11818400,0.0,0
2015-04-28,57.12,57.77,57.1,57.63,8272600,0.0,0
2015-04-29,57.24,57.37,56.26,56.81,7660400,0.0,0
2015-04-30,56.53,56.75,55.94,56.26,8319800,0.0,0
2015-05-01,56.52,56.71,56.23,56.61,7166200,0.0,0
2015-05-04,56.63,57.39,56.44,57.14,7013800,0.0,0
2015-05-05,56.96,57.09,56.37,56.57,8660600,0.0,0
2015-05-06,56.43,56.96,55.85,56.1,7858200,0.0,0
2015-05-07,56.09,56.63,56.09,56.62,6514000,0.0,0
2015-05-08,56.96,57.43,56.72,57.43,7393300,0.0,0
2015-05-11,57.23,57.38,56.94,57.13,6379200,0.0,0
2015-05-12,56.84,57.1,56.34,56.91,8070400,0.0,0
2015-05-13,57.28,58.33,57.09,57.69,12031200,0.0,0
2015-05-14,57.91,58.46,57.76,58.35,10945700,0.0,0
2015-05-15,58.42,58.82,58.27,58.79,9858600,0.0,0
2015-05-18,58.73,58.85,58.12,58.26,5352500,0.0,0
2015-05-19,58.19,58.26,57.48,57.6,7609100,0.0,0
2015-05-20,57.75,57.78,57.27,57.32,8420200,0.0,0
2015-05-21,57.61,58.7,57.11,57.99,27529700,0.0,0
2015-05-22,57.56,57.87,57.45,57.51,13177300,0.0,0
2015-05-26,57.53,57.6,56.88,57.39,14768600,0.0,0
2015-05-27,57.42,58.86,57.17,58.76,17559100,0.0,0
2015-05-28,58.7,59.01,58.34,58.41,11939000,0.0,0
2015-05-29,58.49,58.66,57.58,57.65,18256900,0.0,0
2015-06-01,57.91,58.23,57.58,57.83,8600500,0.48,0
2015-06-02,57.78,58.03,57.53,57.78,12071300,0.0,0
2015-06-03,58.15,58.36,57.86,58.2,6533300,0.0,0
2015-06-04,57.78,57.91,57.28,57.4,9909300,0.0,0
2015-06-05,57.45,57.45,56.83,56.87,8067900,0.0,0
2015-06-08,56.68,56.82,56.03,56.05,9158400,0.0,0
2015-06-09,56.13,56.21,55.63,55.68,7611700,0.0,0
2015-06-10,55.74,56.39,55.74,56.08,12825900,0.0,0
2015-06-11,56.31,56.49,56.14,56.32,10609800,0.0,0
2015-06-12,55.87,56.28,55.64,55.84,6855600,0.0,0
2015-06-15,55.43,55.69,55.03,55.51,6817500,0.0,0
2015-06-16,55.36,55.51,54.93,55.37,6746800,0.0,0
2015-06-17,55.56,55.88,55.05,55.44,9563600,0.0,0
2015-06-18,55.58,56.38,55.54,56.12,10443500,0.0,0
2015-06-19,56.16,56.24,55.52,55.72,13233700,0.0,0
2015-06-22,55.85,56.34,55.82,56.12,11762800,0.0,0
2015-06-23,56.27,56.33,55.62,55.8,11791100,0.0,0
2015-06-24,55.88,55.93,54.39,54.44,15282700,0.0,0
2015-06-25,54.58,54.88,54.17,54.37,9838800,0.0,0
2015-06-26,54.47,54.62,53.82,53.88,34801400,0.0,0
2015-06-29,52.82,53.34,52.14,52.17,16549700,0.0,0
2015-06-30,52.28,52.61,52.03,52.18,12697400,0.0,0
2015-07-01,52.57,52.72,51.66,52.4,12669900,0.0,0
2015-07-02,52.49,53.03,52.48,52.58,11302800,0.0,0
2015-07-06,52.2,52.94,52.19,52.58,10068400,0.0,0
2015-07-07,52.71,52.8,51.22,52.32,13582600,0.0,0
2015-07-08,52.03,52.15,51.4,51.58,13827900,0.0,0
2015-07-09,52.36,52.84,51.53,51.54,12238900,0.0,0
2015-07-10,51.99,52.54,51.93,52.26,12906100,0.0,0
2015-07-13,52.49,53.07,52.49,52.84,11426600,0.0,0
2015-07-14,53.0,53.55,52.86,53.27,10282300,0.0,0
2015-07-15,52.74,53.48,52.74,53.22,8492000,0.0,0
2015-07-16,52.86,53.88,52.8,53.78,10385900,0.0,0
2015-07-17,53.41,53.86,53.33,53.6,8953500,0.0,0
2015-07-20,53.84,53.84,53.1,53.14,11381000,0.0,0
2015-07-21,53.83,55.03,53.69,54.27,17818900,0.0,0
2015-07-22,53.73,54.13,53.36,53.48,22660300,0.0,0
2015-07-23,52.13,52.3,50.68,51.47,37879800,0.0,0
2015-07-24,51.54,51.82,51.08,51.35,18525500,0.0,0
2015-07-27,51.64,52.07,51.24,51.64,14749700,0.0,0
2015-07-28,51.94,52.83,51.84,52.57,14090200,0.0,0
2015-07-29,52.55,52.95,52.28,52.63,9779100,0.0,0
2015-07-30,52.48,53.97,52.32,53.66,12697200,0.0,0
2015-07-31,53.87,54.11,53.51,53.64,9611600,0.0,0
2015-08-03,53.61,53.91,53.38,53.68,9847900,0.0,0
2015-08-04,53.66,54.0,52.67,52.86,12106800,0.0,0
2015-08-05,53.04,53.73,52.9,53.22,9451300,0.0,0
2015-08-06,53.11,53.41,52.19,52.35,12280300,0.0,0
2015-08-07,52.29,52.84,52.15,52.5,17441700,0.0,0
2015-08-10,52.07,52.76,52.07,52.61,17649600,0.0,0
2015-08-11,52.13,52.54,51.94,52.11,13667000,0.0,0
2015-08-12,51.99,52.21,51.32,52.14,12672100,0.0,0
2015-08-13,52.07,52.15,51.61,51.68,9402600,0.0,0
2015-08-14,51.48,52.11,51.48,51.58,9202800,0.0,0
2015-08-17,51.24,51.74,51.22,51.71,11549700,0.0,0
2015-08-18,51.29,51.53,51.07,51.09,10632100,0.0,0
2015-08-19,50.73,51.34,50.58,50.97,11577000,0.0,0
2015-08-20,50.69,51.1,50.11,50.11,13173500,0.0,0
2015-08-21,49.73,50.07,47.95,47.99,19647300,0.0,0
2015-08-24,45.14,48.16,43.81,46.05,29486900,0.0,0
2015-08-25,47.17,47.42,44.77,44.89,21855400,0.0,0
2015-08-26,46.24,47.27,45.7,47.2,22001500,0.0,0
2015-08-27,47.54,47.86,46.8,47.79,18261600,0.0,0
2015-08-28,47.61,48.12,47.51,47.86,12673300,0.0,0
2015-08-31,47.53,48.11,47.34,47.53,9898800,0.48,0
2015-09-01,46.42,46.97,45.95,46.22,13136600,0.0,0
2015-09-02,46.74,46.95,46.21,46.93,11629100,0.0,0
2015-09-03,47.23,47.69,46.6,46.67,10717900,0.0,0
2015-09-04,46.16,46.29,45.48,45.61,11424700,0.0,0
2015-09-08,46.3,46.5,46.01,46.37,10938500,0.0,0
2015-09-09,46.92,46.95,45.5,45.64,12577200,0.0,0
2015-09-10,45.79,46.89,45.6,46.48,13997100,0.0,0
2015-09-11,46.25,46.34,45.66,45.92,10793300,0.0,0
2015-09-14,46.0,46.19,45.43,45.63,9720700,0.0,0
2015-09-15,46.06,46.35,45.67,46.1,9265000,0.0,0
2015-09-16,46.05,46.65,45.94,46.37,8091900,0.0,0
2015-09-17,46.37,46.97,46.08,46.19,9698100,0.0,0
2015-09-18,45.58,46.17,45.38,45.74,26572500,0.0,0
2015-09-21,45.9,45.98,45.37,45.69,9289600,0.0,0
2015-09-22,45.18,45.56,45.01,45.32,9946800,0.0,0
2015-09-23,45.49,45.49,44.84,45.0,7243900,0.0,0
2015-09-24,44.68,44.97,44.01,44.75,13502000,0.0,0
2015-09-25,45.32,45.37,44.49,44.71,11661900,0.0,0
2015-09-28,44.57,44.75,44.12,44.14,11773100,0.0,0
2015-09-29,44.11,44.45,43.83,44.05,9789900,0.0,0
2015-09-30,44.52,45.21,44.44,45.14,12849700,0.0,0
2015-10-01,45.03,45.22,44.53,44.68,9554900,0.0,0
2015-10-02,44.59,46.33,44.53,46.27,13192200,0.0,0
2015-10-05,46.69,47.46,46.69,47.24,9933200,0.0,0
2015-10-06,47.05,47.48,46.56,47.32,10336500,0.0,0
2015-10-07,47.52,48.18,47.08,47.56,8952300,0.0,0
2015-10-08,47.46,48.46,47.32,48.44,8635200,0.0,0
2015-10-09,48.62,48.83,48.2,48.54,8883000,0.0,0
2015-10-12,48.42,48.79,48.28,48.55,6913400,0.0,0
2015-10-13,48.05,48.79,47.9,48.32,7377300,0.0,0
2015-10-14,48.32,49.68,48.32,49.26,12471600,0.0,0
2015-10-15,49.57,50.33,49.28,49.79,9055600,0.0,0
2015-10-16,49.97,50.41,49.49,50.33,8924900,0.0,0
2015-10-19,49.95,50.1,49.24,49.65,10975200,0.0,0
2015-10-20,49.3,49.74,49.3,49.57,9102200,0.0,0
2015-10-21,49.8,50.21,49.47,49.54,6915400,0.0,0
2015-10-22,49.98,50.94,49.98,50.77,10913600,0.0,0
2015-10-23,50.94,51.41,50.82,51.02,9175600,0.0,0
2015-10-26,51.17,51.17,49.31,49.74,13381000,0.0,0
2015-10-27,49.49,49.86,49.37,49.8,9485900,0.0,0
2015-10-28,49.84,50.66,49.76,50.63,7738300,0.0,0
2015-10-29,50.13,50.6,50.05,50.41,5567700,0.0,0
2015-10-30,50.51,50.58,49.92,49.92,8630300,0.0,0
2015-11-02,50.16,51.05,50.0,50.94,8577200,0.0,0
2015-11-03,50.74,51.4,50.63,51.14,7704300,0.0,0
2015-11-04,51.15,51.26,50.47,50.63,10795900,0.0,0
2015-11-05,47.66,47.73,41.94,42.9,65856400,0.0,0
2015-11-06,43.38,45.11,43.38,44.88,31252900,0.0,0
2015-11-09,44.43,44.82,44.21,44.48,15092000,0.0,0
2015-11-10,44.13,44.52,43.64,43.91,13489500,0.0,0
2015-11-11,44.19,44.73,44.0,44.4,11026300,0.0,0
2015-11-12,44.32,44.69,44.12,44.17,10807000,0.0,0
2015-11-13,43.94,44.32,43.53,43.64,10439900,0.0,0
2015-11-16,43.65,44.41,43.65,44.33,9214000,0.0,0
2015-11-17,44.27,44.99,44.16,44.51,10686200,0.0,0
2015-11-18,43.64,43.64,39.92,40.33,45214500,0.0,0
2015-11-19,40.75,41.4,40.52,40.65,20547900,0.0,0
2015-11-20,41.0,41.81,40.75,41.69,17229800,0.0,0
2015-11-23,41.24,41.65,40.96,41.14,11632800,0.0,0
2015-11-24,41.19,41.78,41.05,41.51,12090100,0.0,0
2015-11-25,41.51,41.71,41.04,41.25,9967100,0.0,0
2015-11-27,41.29,41.44,41.12,41.18,3441600,0.48,0
2015-11-30,41.23,41.45,40.98,41.39,13716000,0.0,0
2015-12-01,41.36,41.84,41.23,41.83,9915800,0.0,0
2015-12-02,44.04,45.34,43.95,43.99,36745100,0.0,0
2015-12-03,44.25,44.32,42.73,43.61,25438100,0.0,0
2015-12-04,44.19,44.6,43.62,44.41,16177700,0.0,0
2015-12-07,44.38,44.58,44.02,44.48,10160700,0.0,0
2015-12-08,42.96,43.24,41.84,41.98,18917100,0.0,0
2015-12-09,42.12,42.4,41.08,41.22,16131000,0.0,0
2015-12-10,41.28,42.06,41.12,41.21,11619500,0.0,0
2015-12-11,40.89,41.03,40.16,40.27,12977600,0.0,0
2015-12-14,40.22,40.69,38.97,39.73,17157400,0.0,0
2015-12-15,40.48,41.41,39.71,40.74,20086900,0.0,0
2015-12-16,40.94,41.23,40.0,40.78,13308300,0.0,0
2015-12-17,41.84,42.08,40.33,40.33,15328000,0.0,0
2015-12-18,40.19,40.76,39.89,40.24,46440200,0.0,0
2015-12-21,40.39,41.51,40.33,41.37,16779000,0.0,0
2015-12-22,41.17,41.73,41.09,41.63,10139800,0.0,0
2015-12-23,41.78,42.01,41.49,41.61,9397900,0.0,0
2015-12-24,41.57,42.32,41.57,42.04,5338500,0.0,0
2015-12-28,41.95,42.26,41.77,42.06,8395600,0.0,0
2015-12-29,42.66,43.48,42.48,43.17,14371300,0.0,0
2015-12-30,43.17,43.48,42.73,42.77,8529300,0.0,0
2015-12-31,42.47,42.79,42.33,42.41,7613400,0.0,0
2016-01-04,41.94,42.57,41.5,42.52,12571300,0.0,0
2016-01-05,42.81,42.93,41.63,41.69,13482300,0.0,0
2016-01-06,41.03,41.28,40.52,41.27,15783500,0.0,0
2016-01-07,40.54,40.72,39.01,39.15,20495600,0.0,0
2016-01-08,39.71,39.75,38.89,38.93,15285500,0.0,0
2016-01-11,39.33,39.48,38.46,39.09,13624900,0.0,0
2016-01-12,39.41,39.6,38.7,39.47,9290700,0.0,0
2016-01-13,40.06,40.7,39.09,39.11,17285100,0.0,0
2016-01-14,39.21,40.73,38.89,40.49,21649400,0.0,0
2016-01-15,39.06,39.46,38.29,38.87,17273300,0.0,0
2016-01-19,39.45,39.52,38.58,39.1,12680000,0.0,0
2016-01-20,38.6,39.18,37.66,38.97,14761500,0.0,0
2016-01-21,39.33,40.25,38.78,39.92,12913700,0.0,0
2016-01-22,40.56,40.96,40.25,40.78,12154900,0.0,0
2016-01-25,40.7,41.05,40.32,40.37,9365800,0.0,0
2016-01-26,40.38,41.44,40.32,41.16,9273400,0.0,0
2016-01-27,40.72,41.22,40.01,40.33,12305000,0.0,0
2016-01-28,38.86,38.87,36.88,36.98,27935200,0.0,0
2016-01-29,37.37,38.48,37.05,38.47,24039200,0.0,0
2016-02-01,37.93,39.37,37.66,39.12,13120400,0.0,0
2016-02-02,38.33,38.52,36.38,36.61,21079700,0.0,0
2016-02-03,36.99,38.18,36.74,37.95,16733600,0.0,0
2016-02-04,37.86,38.82,37.65,38.74,10798900,0.0,0
2016-02-05,38.56,38.69,37.13,37.35,10709800,0.0,0
2016-02-08,36.91,37.47,36.34,37.24,12799000,0.0,0
2016-02-09,37.03,37.38,36.63,37.0,10339800,0.0,0
2016-02-10,37.33,37.77,36.4,36.45,10044600,0.0,0
2016-02-11,36.07,36.73,35.84,36.48,12537700,0.0,0
2016-02-12,36.78,37.97,36.55,37.81,11696500,0.0,0
2016-02-16,38.69,39.73,38.52,39.65,13832500,0.0,0
2016-02-17,39.92,41.17,39.88,41.07,14868200,0.0,0
2016-02-18,41.07,41.84,40.74,41.64,13173100,0.0,0
2016-02-19,41.61,42.45,41.37,41.93,16196800,0.0,0
2016-02-22,42.49,43.52,42.48,43.51,16793600,0.0,0
2016-02-23,43.27,43.27,42.51,42.78,9358700,0.0,0
2016-02-24,42.42,43.83,42.19,43.71,10966600,0.0,0
2016-02-25,43.69,43.94,43.18,43.81,8352400,0.0,0
2016-02-26,44.12,44.12,43.46,43.8,9528400,0.0,0
2016-02-29,43.82,44.13,43.43,43.5,12127300,0.48,0
2016-03-01,43.74,44.63,43.73,44.63,11977400,0.0,0
2016-03-02,44.87,45.37,44.74,45.26,15664800,0.0,0
2016-03-03,44.92,45.23,44.41,44.86,12365200,0.0,0
2016-03-04,44.81,45.3,44.45,45.1,12770300,0.0,0
2016-03-07,44.91,45.83,44.84,45.64,10171500,0.0,0
2016-03-08,45.29,45.57,44.51,44.93,11684300,0.0,0
2016-03-09,44.88,44.98,44.31,44.49,13964500,0.0,0
2016-03-10,44.45,44.85,43.82,44.55,9539100,0.0,0
2016-03-11,45.04,45.08,44.44,44.72,11404300,0.0,0
2016-03-14,44.74,44.88,44.31,44.61,7407200,0.0,0
2016-03-15,44.32,44.39,43.66,44.21,12887600,0.0,0
2016-03-16,44.21,44.21,43.6,43.93,21052300,0.0,0
2016-03-17,43.8,44.27,43.78,44.0,10190400,0.0,0
2016-03-18,44.27,44.42,43.87,44.18,28991500,0.0,0
2016-03-21,44.19,44.83,44.11,44.71,11796500,0.0,0
2016-03-22,44.39,44.81,44.35,44.55,6623200,0.0,0
2016-03-23,44.63,44.67,43.51,43.67,9194600,0.0,0
2016-03-24,43.36,43.59,42.93,43.56,7527300,0.0,0
2016-03-28,43.19,43.34,42.78,42.98,9065200,0.0,0
2016-03-29,42.82,43.62,42.54,43.41,10462600,0.0,0
2016-03-30,43.82,44.23,43.44,43.67,7142800,0.0,0
2016-03-31,43.56,44.04,43.53,43.8,7315800,0.0,0
2016-04-01,43.74,43.77,42.83,43.57,9379800,0.0,0
2016-04-04,43.51,43.77,43.26,43.38,6289600,0.0,0
2016-04-05,43.2,43.27,42.82,42.88,6863300,0.0,0
2016-04-06,42.94,43.44,42.59,43.35,7631600,0.0,0
2016-04-07,43.16,43.2,42.62,42.84,7532200,0.0,0
2016-04-08,43.14,43.8,43.03,43.3,5584800,0.0,0
2016-04-11,43.56,44.17,43.56,43.68,8637200,0.0,0
2016-04-12,43.72,43.76,42.99,43.52,6116900,0.0,0
2016-04-13,43.93,44.91,43.8,44.46,13813500,0.0,0
2016-04-14,44.4,44.44,43.88,44.38,7921400,0.0,0
2016-04-15,44.47,44.52,43.7,43.73,10143300,0.0,0
2016-04-18,43.75,44.3,43.62,44.15,7673100,0.0,0
2016-04-19,44.3,44.47,43.93,44.39,9306400,0.0,0
2016-04-20,44.47,44.99,44.37,44.61,11216900,0.0,0
2016-04-21,43.93,44.36,43.45,44.25,16728600,0.0,0
2016-04-22,44.28,45.46,44.26,45.08,14029800,0.0,0
2016-04-25,45.05,45.15,44.56,44.9,6941200,0.0,0
2016-04-26,44.99,45.35,44.92,45.31,7600100,0.0,0
2016-04-27,44.56,45.5,44.54,45.3,8256600,0.0,0
2016-04-28,44.94,45.63,44.57,44.64,7795000,0.0,0
2016-04-29,44.39,44.53,42.91,43.26,11437400,0.0,0
2016-05-02,43.41,43.82,42.93,43.77,7123500,0.0,0
2016-05-03,43.39,43.61,42.98,43.44,7848600,0.0,0
2016-05-04,42.98,43.57,42.95,43.24,11981800,0.0,0
2016-05-05,43.45,43.91,43.19,43.79,10189100,0.0,0
2016-05-06,43.38,43.78,43.14,43.61,9434500,0.0,0
2016-05-09,43.68,44.19,43.5,43.85,7173600,0.0,0
2016-05-10,43.9,44.73,43.65,44.66,8199000,0.0,0
2016-05-11,44.39,44.99,44.27,44.66,8324100,0.0,0
2016-05-12,44.81,44.99,43.98,44.11,9516000,0.0,0
2016-05-13,44.07,44.6,43.77,43.95,6975100,0.0,0
2016-05-16,43.95,44.68,43.78,44.45,6823600,0.0,0
2016-05-17,44.31,44.77,44.1,44.52,9386200,0.0,0
2016-05-18,44.59,45.68,44.53,45.21,10507200,0.0,0
2016-05-19,45.14,45.46,44.75,45.18,8614000,0.0,0
2016-05-20,45.36,46.74,45.28,46.69,14003600,0.0,0
2016-05-23,46.42,46.98,46.37,46.4,9685300,0.0,0
2016-05-24,46.6,47.63,46.59,47.61,13097700,0.0,0
2016-05-25,47.7,48.19,47.69,47.94,9266500,0.0,0
2016-05-26,47.93,48.08,47.54,47.73,7020900,0.0,0
2016-05-27,47.84,47.89,47.57,47.79,5918200,0.53,0
2016-05-31,47.89,47.92,47.4,47.48,15093400,0.0,0
2016-06-01,47.12,47.53,47.08,47.37,12156800,0.0,0
2016-06-02,47.25,47.48,46.94,47.45,9036200,0.0,0
2016-06-03,47.54,47.56,47.09,47.5,10008100,0.0,0
2016-06-06,47.54,47.87,47.26,47.46,7905100,0.0,0
2016-06-07,47.5,47.71,47.27,47.41,5400200,0.0,0
2016-06-08,47.32,47.6,47.27,47.5,6314800,0.0,0
2016-06-09,47.03,47.59,46.85,47.54,8726200,0.0,0
2016-06-10,47.09,47.34,46.17,46.54,15791600,0.0,0
2016-06-13,46.34,46.6,45.6,45.68,12128900,0.0,0
2016-06-14,45.53,46.04,45.37,45.56,8887300,0.0,0
2016-06-15,45.87,46.31,45.54,46.07,8832400,0.0,0
2016-06-16,45.8,46.23,45.37,46.19,5907500,0.0,0
2016-06-17,46.45,46.53,45.91,46.3,14548800,0.0,0
2016-06-20,46.84,47.26,46.57,46.59,8680800,0.0,0
2016-06-21,46.9,46.9,46.34,46.58,6431700,0.0,0
2016-06-22,46.6,47.53,46.6,46.72,8481600,0.0,0
2016-06-23,47.42,48.05,47.18,48.03,8952200,0.0,0
2016-06-24,45.83,46.53,45.06,45.06,17018500,0.0,0
2016-06-27,45.21,45.21,43.96,44.22,11642700,0.0,0
2016-06-28,44.7,45.44,44.55,45.4,7470400,0.0,0
2016-06-29,45.88,46.55,45.61,46.3,7126900,0.0,0
2016-06-30,45.74,46.32,45.36,46.32,9254400,0.0,0
2016-07-01,45.81,46.16,45.69,45.82,6385000,0.0,0
2016-07-05,45.78,45.8,44.86,44.91,10626200,0.0,0
2016-07-06,44.59,45.42,44.23,45.28,7740700,0.0,0
2016-07-07,45.46,46.15,45.31,45.76,5763300,0.0,0
2016-07-08,46.25,46.97,46.1,46.85,6853900,0.0,0
2016-07-11,46.65,47.3,46.64,46.79,6941600,0.0,0
2016-07-12,47.08,47.33,46.87,47.22,7413700,0.0,0
2016-07-13,47.47,47.55,47.23,47.41,5676400,0.0,0
2016-07-14,47.72,47.87,47.17,47.45,6601500,0.0,0
2016-07-15,47.43,47.43,46.84,47.34,10236900,0.0,0
2016-07-18,47.67,48.11,47.54,47.86,9225900,0.0,0
2016-07-19,48.18,48.33,47.51,47.67,8164200,0.0,0
2016-07-20,47.86,48.37,47.59,48.26,17204300,0.0,0
2016-07-21,51.7,52.28,51.12,51.82,33912300,0.0,0
2016-07-22,52.06,52.9,51.73,52.87,12505700,0.0,0
2016-07-25,52.71,52.71,52.01,52.51,9166200,0.0,0
2016-07-26,52.74,53.17,52.54,53.04,11272600,0.0,0
2016-07-27,53.45,54.18,53.3,54.05,13395100,0.0,0
2016-07-28,53.99,54.29,53.75,53.98,8514200,0.0,0
2016-07-29,54.12,54.31,53.81,54.11,8291000,0.0,0
2016-08-01,53.92,53.95,53.24,53.48,14606200,0.0,0
2016-08-02,53.38,53.56,51.89,52.39,14732800,0.0,0
2016-08-03,52.39,52.84,52.31,52.75,6448200,0.0,0
2016-08-04,52.84,52.94,52.51,52.72,5169600,0.0,0
2016-08-05,53.19,53.7,52.97,53.6,8320700,0.0,0
2016-08-08,53.65,53.77,53.06,53.24,8410600,0.0,0
2016-08-09,53.53,53.99,53.46,53.6,5350300,0.0,0
2016-08-10,53.6,53.74,53.12,53.35,3836200,0.0,0
2016-08-11,53.51,53.74,53.32,53.38,4988300,0.0,0
2016-08-12,53.21,53.6,52.98,53.35,4947700,0.0,0
2016-08-15,53.43,54.03,53.43,53.98,6499000,0.0,0
2016-08-16,53.67,54.04,53.4,53.67,7650600,0.0,0
2016-08-17,53.8,53.95,53.42,53.85,6812400,0.0,0
2016-08-18,53.91,54.5,53.76,54.5,7935900,0.0,0
2016-08-19,54.13,54.33,53.61,54.26,7093000,0.0,0
2016-08-22,54.21,54.36,53.91,54.32,5720900,0.0,0
2016-08-23,54.47,55.07,54.32,54.55,5970600,0.0,0
2016-08-24,54.4,54.68,54.01,54.13,6902400,0.0,0
2016-08-25,54.18,54.43,54.11,54.16,4916700,0.0,0
2016-08-26,54.37,54.91,54.17,54.44,7255600,0.0,0
2016-08-29,54.43,55.01,54.38,54.91,5354700,0.53,0
2016-08-30,54.93,55.38,54.68,54.88,5047600,0.0,0
2016-08-31,54.91,55.04,54.52,54.99,6516600,0.0,0
2016-09-01,54.82,55.37,54.5,55.34,6906300,0.0,0
2016-09-02,55.39,55.54,55.01,55.24,6325900,0.0,0
2016-09-06,55.04,55.27,54.83,55.01,5603000,0.0,0
2016-09-07,55.1,55.15,54.34,54.43,6281600,0.0,0
2016-09-08,54.09,54.77,54.07,54.66,7698100,0.0,0
2016-09-09,54.07,54.31,52.75,52.77,10625600,0.0,0
2016-09-12,52.52,54.3,52.26,54.28,10158600,0.0,0
2016-09-13,53.9,54.23,53.14,53.44,8397100,0.0,0
2016-09-14,53.44,54.02,53.22,53.7,5982400,0.0,0
2016-09-15,54.02,54.64,53.67,54.53,8871200,0.0,0
2016-09-16,54.83,55.32,54.38,54.92,14677700,0.0,0
2016-09-19,55.05,55.27,54.72,54.81,6759900,0.0,0
2016-09-20,55.17,55.19,54.52,54.67,5471400,0.0,0
2016-09-21,55.02,55.49,54.85,55.43,7488600,0.0,0
2016-09-22,55.55,55.8,55.25,55.39,7895700,0.0,0
2016-09-23,54.93,55.43,54.64,54.71,7794700,0.0,0
2016-09-26,54.49,54.55,53.94,54.33,6207400,0.0,0
2016-09-27,54.52,55.25,54.44,55.2,5228300,0.0,0
2016-09-28,55.13,55.53,54.93,55.32,5251900,0.0,0
2016-09-29,55.18,60.02,54.68,58.81,43098800,0.0,0
2016-09-30,59.64,61.38,59.42,59.73,34879500,0.0,0
2016-10-03,59.36,60.41,58.31,58.52,10153600,0.0,0
2016-10-04,59.03,59.03,58.04,58.14,9746400,0.0,0
2016-10-05,58.28,58.79,58.03,58.28,6362000,0.0,0
2016-10-06,58.25,60.44,57.75,58.89,12957200,0.0,0
2016-10-07,58.88,59.58,58.85,59.46,8398100,0.0,0
2016-10-10,59.59,59.8,58.47,58.64,7029800,0.0,0
2016-10-11,58.42,58.5,57.07,57.63,8910600,0.0,0
2016-10-12,57.97,57.97,56.73,57.6,6615700,0.0,0
2016-10-13,57.16,57.6,56.07,57.29,7236600,0.0,0
2016-10-14,57.5,58.06,57.07,57.29,6743100,0.0,0
2016-10-17,57.14,57.29,56.75,56.84,6348200,0.0,0
2016-10-18,57.7,57.74,57.17,57.63,5966900,0.0,0
2016-10-19,57.44,57.61,56.95,57.36,5414700,0.0,0
2016-10-20,57.09,59.44,57.09,58.72,13579000,0.0,0
2016-10-21,58.52,60.55,58.16,59.23,19676600,0.0,0
2016-10-24,59.64,59.68,58.84,59.34,6669600,0.0,0
2016-10-25,59.2,59.51,58.84,59.04,5370000,0.0,0
2016-10-26,58.69,59.83,58.64,59.47,9241200,0.0,0
2016-10-27,61.73,62.45,61.04,61.11,33941700,0.0,0
2016-10-28,61.49,61.5,59.0,59.64,17952700,0.0,0
2016-10-31,60.16,60.61,59.88,59.92,10108300,0.0,0
2016-11-01,60.16,60.47,58.89,59.59,8910100,0.0,0
2016-11-02,59.69,59.81,58.45,58.5,15183000,0.0,0
2016-11-03,59.02,59.79,57.49,58.38,15642500,0.0,0
2016-11-04,57.32,58.78,57.32,58.18,8584300,0.0,0
2016-11-07,59.05,59.8,58.76,59.69,9205300,0.0,0
2016-11-08,59.48,59.91,58.97,59.53,6696600,0.0,0
2016-11-09,58.1,59.37,57.77,59.19,11604400,0.0,0
2016-11-10,59.13,59.47,56.08,57.82,17774400,0.0,0
2016-11-11,57.43,58.42,57.41,58.32,10239800,0.0,0
2016-11-14,58.79,58.79,57.49,57.49,8256800,0.0,0
2016-11-15,57.77,58.56,57.5,58.22,9615200,0.0,0
2016-11-16,58.17,58.17,57.24,57.81,9552200,0.0,0
2016-11-17,57.93,58.22,57.69,58.13,6982500,0.0,0
2016-11-18,58.14,58.82,57.5,58.69,9889300,0.0,0
2016-11-21,58.3,58.59,57.68,58.51,7868900,0.0,0
2016-11-22,58.92,59.81,58.45,59.56,9803600,0.0,0
2016-11-23,59.58,59.73,59.07,59.4,4820300,0.0,0
2016-11-25,59.43,59.66,59.04,59.54,4200100,0.0,0
2016-11-28,59.25,59.49,58.7,58.96,8225200,0.53,0
2016-11-29,59.08,59.35,58.55,58.67,6544900,0.0,0
2016-11-30,58.7,60.03,58.44,59.87,12470000,0.0,0
2016-12-01,59.51,59.69,56.05,56.38,16563900,0.0,0
2016-12-02,56.2,58.29,56.2,57.86,9687000,0.0,0
2016-12-05,58.33,58.82,57.73,58.31,8708200,0.0,0
2016-12-06,58.57,59.3,58.44,59.27,6701800,0.0,0
2016-12-07,59.18,60.05,58.84,60.05,7202700,0.0,0
2016-12-08,60.12,60.79,60.08,60.24,5552600,0.0,0
2016-12-09,60.29,60.54,59.58,60.21,5551800,0.0,0
2016-12-12,60.08,60.33,59.69,60.17,5615200,0.0,0
2016-12-13,60.39,61.72,60.19,60.93,8494200,0.0,0
2016-12-14,60.32,60.79,59.18,59.37,9957700,0.0,0
2016-12-15,59.84,60.43,59.15,59.78,7162400,0.0,0
2016-12-16,60.19,60.19,58.26,58.4,18155600,0.0,0
2016-12-19,58.69,59.25,58.56,58.89,7884700,0.0,0
2016-12-20,59.21,59.37,58.67,58.8,6685400,0.0,0
2016-12-21,58.94,59.18,58.72,59.02,5211400,0.0,0
2016-12-22,59.44,59.54,58.4,58.67,5900200,0.0,0
2016-12-23,58.78,58.82,58.45,58.75,3088100,0.0,0
2016-12-27,59.0,59.39,58.93,59.1,3028200,0.0,0
2016-12-28,58.57,58.94,57.73,57.78,6547200,0.0,0
2016-12-29,57.56,58.07,57.49,58.03,3700800,0.0,0
2016-12-30,58.22,58.31,57.15,57.29,5941900,0.0,0
2017-01-03,57.87,58.12,56.77,57.47,9519800,0.0,0
2017-01-04,57.71,57.95,57.35,57.53,6221700,0.0,0
2017-01-05,57.31,57.98,57.16,57.6,5998900,0.0,0
2017-01-06,57.54,57.88,57.0,57.58,6749400,0.0,0
2017-01-09,57.58,58.24,57.55,57.69,4769200,0.0,0
2017-01-10,57.95,58.14,57.62,57.67,6076000,0.0,0
2017-01-11,57.78,58.09,57.49,58.09,8349800,0.0,0
2017-01-12,57.43,58.16,57.16,58.1,6113600,0.0,0
2017-01-13,58.22,58.95,58.14,58.77,6177400,0.0,0
2017-01-17,58.62,58.85,55.49,56.41,22426300,0.0,0
2017-01-18,56.83,58.08,56.07,57.23,15883200,0.0,0
2017-01-19,57.09,57.47,56.56,56.63,9429200,0.0,0
2017-01-20,57.29,57.77,55.03,55.26,20936900,0.0,0
2017-01-23,51.56,51.56,47.25,48.23,94436000,0.0,0
2017-01-24,48.35,49.01,48.07,48.33,41751800,0.0,0
2017-01-25,49.3,50.07,48.77,50.0,27307900,0.0,0
2017-01-26,48.64,48.76,47.01,47.5,37888200,0.0,0
2017-01-27,48.02,48.12,47.45,47.66,23474400,0.0,0
2017-01-30,47.8,47.8,47.06,47.11,14853900,0.0,0
2017-01-31,47.11,47.14,46.42,46.95,13995400,0.0,0
2017-02-01,47.14,47.29,46.45,46.71,16102100,0.0,0
2017-02-02,46.53,46.66,46.02,46.28,14481200,0.0,0
2017-02-03,46.53,46.77,46.35,46.56,10965300,0.0,0
2017-02-06,46.85,46.93,46.42,46.47,8215100,0.0,0
2017-02-07,46.77,46.82,46.36,46.81,10374100,0.0,0
2017-02-08,46.92,46.92,46.33,46.48,9229000,0.0,0
2017-02-09,46.49,46.66,46.36,46.47,7615100,0.0,0
2017-02-10,46.66,47.7,46.51,47.45,14042200,0.0,0
2017-02-13,47.96,48.45,47.68,48.27,14516200,0.0,0
2017-02-14,48.71,48.79,48.17,48.75,13072000,0.0,0
2017-02-15,48.89,49.65,48.76,49.64,14149200,0.0,0
2017-02-16,49.72,50.0,49.61,49.98,11622900,0.0,0
2017-02-17,49.96,50.04,49.25,49.61,12456600,0.0,0
2017-02-21,49.94,50.26,49.72,49.87,9878200,0.0,0
2017-02-22,49.9,50.18,49.63,50.18,8711500,0.0,0
2017-02-23,50.1,50.36,49.89,50.21,10152800,0.0,0
2017-02-24,50.11,50.29,49.65,50.28,10644800,0.0,0
2017-02-27,50.17,50.54,49.95,50.32,7127600,0.53,0
2017-02-28,50.1,50.13,49.57,50.1,10388200,0.0,0
2017-03-01,50.5,50.63,49.91,50.57,11082400,0.0,0
2017-03-02,50.51,50.69,49.88,50.0,8451700,0.0,0
2017-03-03,50.13,50.18,49.67,50.06,6971400,0.0,0
2017-03-06,49.91,50.17,49.73,50.07,7241600,0.0,0
2017-03-07,50.2,50.4,49.84,50.32,7131700,0.0,0
2017-03-08,50.49,51.52,50.38,51.24,13201700,0.0,0
2017-03-09,51.13,51.53,50.91,51.42,9875600,0.0,0
2017-03-10,51.76,52.14,51.71,52.01,9752000,0.0,0
2017-03-13,52.36,52.37,51.62,51.85,7737900,0.0,0
2017-03-14,51.78,51.78,51.2,51.64,6276900,0.0,0
2017-03-15,51.82,52.11,51.6,51.91,9029500,0.0,0
2017-03-16,51.71,52.09,51.59,51.75,7206200,0.0,0
2017-03-17,51.95,51.99,51.01,51.05,20057800,0.0,0
2017-03-20,51.26,51.51,51.08,51.28,7498200,0.0,0
2017-03-21,51.38,51.53,50.33,50.38,10092600,0.0,0
2017-03-22,50.32,50.67,49.76,50.59,9129700,0.0,0
2017-03-23,50.7,50.8,50.19,50.39,7718700,0.0,0
2017-03-24,50.97,50.97,50.24,50.49,5621400,0.0,0
2017-03-27,50.31,50.5,50.1,50.26,4726300,0.0,0
2017-03-28,50.26,51.1,50.26,50.89,5953500,0.0,0
2017-03-29,50.64,50.89,50.43,50.88,4042600,0.0,0
2017-03-30,50.88,51.13,50.73,50.73,6359000,0.0,0
2017-03-31,50.97,51.17,50.53,50.86,10065000,0.0,0
2017-04-03,50.79,50.86,49.71,50.11,11343500,0.0,0
2017-04-04,49.94,50.48,49.89,50.27,7123900,0.0,0
2017-04-05,50.38,51.03,50.04,50.09,7857700,0.0,0
2017-04-06,50.06,50.32,49.79,50.14,5757800,0.0,0
2017-04-07,50.18,50.2,49.84,49.95,5229800,0.0,0
2017-04-10,50.05,50.39,49.91,50.13,6039800,0.0,0
2017-04-11,49.95,49.99,48.54,49.09,17301800,0.0,0
2017-04-12,48.46,48.47,47.12,47.36,24822200,0.0,0
2017-04-13,47.12,47.61,46.81,46.82,17014400,0.0,0
2017-04-17,47.0,47.12,46.79,46.91,10471700,0.0,0
2017-04-18,46.65,46.99,46.47,46.72,11262800,0.0,0
2017-04-19,47.01,47.1,46.39,46.66,15441500,0.0,0
2017-04-20,47.2,47.36,45.59,46.71,24664600,0.0,0
2017-04-21,46.81,46.83,46.31,46.57,10951500,0.0,0
2017-04-24,47.02,47.23,46.79,46.84,10784400,0.0,0
2017-04-25,47.16,47.44,46.97,47.01,11688700,0.0,0
2017-04-26,47.19,47.28,46.93,47.04,7373800,0.0,0
2017-04-27,47.22,47.31,46.93,47.2,6956200,0.0,0
2017-04-28,45.95,47.85,45.28,47.67,34374100,0.0,0
2017-05-01,47.59,47.63,47.1,47.54,12987700,0.0,0
2017-05-02,47.59,47.66,46.92,47.27,10445400,0.0,0
2017-05-03,47.37,48.58,47.23,48.33,18428300,0.0,0
2017-05-04,48.54,48.78,48.34,48.7,11993400,0.0,0
2017-05-05,48.72,48.78,48.52,48.72,9108800,0.0,0
2017-05-08,48.77,48.78,48.39,48.45,7033400,0.0,0
2017-05-09,48.51,48.95,48.46,48.92,8332900,0.0,0
2017-05-10,48.98,49.16,48.66,49.08,8517700,0.0,0
2017-05-11,49.01,49.05,48.26,48.5,13514700,0.0,0
2017-05-12,48.34,49.09,48.25,49.07,9107600,0.0,0
2017-05-15,48.85,49.22,48.85,49.14,10686100,0.0,0
2017-05-16,49.13,49.65,48.87,49.63,9599300,0.0,0
2017-05-17,49.35,49.74,49.05,49.1,14811300,0.0,0
2017-05-18,49.3,49.95,48.8,49.78,13125300,0.0,0
2017-05-19,50.1,51.26,49.85,51.15,16643800,0.0,0
2017-05-22,51.79,52.81,51.78,52.58,20771500,0.0,0
2017-05-23,52.67,53.12,52.45,52.53,14223400,0.0,0
2017-05-24,52.58,52.88,51.95,52.01,8592600,0.0,0
2017-05-25,52.02,52.29,51.67,51.84,9556500,0.0,0
2017-05-26,51.65,51.93,51.39,51.52,8261900,0.57,0
2017-05-30,51.31,51.72,51.21,51.36,11553700,0.0,0
2017-05-31,51.29,51.71,51.06,51.3,14082600,0.0,0
2017-06-01,51.46,52.53,51.37,52.51,11560100,0.0,0
2017-06-02,52.75,52.81,52.26,52.47,9538000,0.0,0
2017-06-05,52.4,52.89,52.38,52.72,7960800,0.0,0
2017-06-06,52.49,52.77,52.11,52.13,7871500,0.0,0
2017-06-07,52.22,52.39,51.17,51.53,10126500,0.0,0
2017-06-08,51.74,52.09,51.6,52.06,10322200,0.0,0
2017-06-09,52.28,52.39,50.82,51.1,13624800,0.0,0
2017-06-12,50.63,51.66,50.59,51.49,9985100,0.0,0
2017-06-13,51.91,52.01,51.5,51.54,7111500,0.0,0
2017-06-14,51.68,51.92,50.76,51.06,6740000,0.0,0
2017-06-15,50.54,51.21,50.52,50.99,5416600,0.0,0
2017-06-16,51.04,51.06,50.47,50.89,14555600,0.0,0
2017-06-19,51.02,51.65,50.97,51.6,7166200,0.0,0
2017-06-20,51.47,51.6,50.62,50.87,8181600,0.0,0
2017-06-21,50.87,50.91,50.27,50.46,8324900,0.0,0
2017-06-22,50.37,50.83,50.21,50.58,5560100,0.0,0
2017-06-23,50.73,51.45,50.67,50.97,11847900,0.0,0
2017-06-26,51.14,51.67,50.35,50.66,7339100,0.0,0
2017-06-27,50.42,50.46,49.63,49.65,6814400,0.0,0
2017-06-28,49.62,50.45,49.43,50.3,7542400,0.0,0
2017-06-29,50.1,50.1,48.86,49.34,8456900,0.0,0
2017-06-30,49.8,49.83,49.29,49.46,8781900,0.0,0
2017-07-03,49.74,50.18,49.19,49.22,4379600,0.0,0
2017-07-05,49.27,49.77,49.07,49.67,6823800,0.0,0
2017-07-06,49.28,49.47,49.03,49.08,5663000,0.0,0
2017-07-07,49.3,49.92,49.15,49.58,5356000,0.0,0
2017-07-10,49.6,50.06,49.43,49.84,5098100,0.0,0
2017-07-11,49.83,49.83,49.28,49.56,6124900,0.0,0
2017-07-12,49.97,50.44,49.91,50.34,6126800,0.0,0
2017-07-13,50.5,50.63,50.31,50.37,6219200,0.0,0
2017-07-14,50.61,50.99,50.29,50.89,4440100,0.0,0
2017-07-17,50.81,50.98,50.51,50.57,5123600,0.0,0
2017-07-18,50.46,50.5,50.16,50.42,7441000,0.0,0
2017-07-19,50.57,51.0,50.17,50.86,8783700,0.0,0
2017-07-20,49.36,49.65,47.88,48.34,35943900,0.0,0
2017-07-21,48.06,48.37,47.8,48.22,12113100,0.0,0
2017-07-24,48.14,48.26,47.55,47.67,8832200,0.0,0
2017-07-25,47.65,48.05,47.54,47.71,7112100,0.0,0
2017-07-26,47.73,47.79,47.24,47.6,7581500,0.0,0
2017-07-27,47.54,47.8,46.78,47.02,14069200,0.0,0
2017-07-28,46.82,47.46,46.82,47.36,6644300,0.0,0
2017-07-31,47.56,47.74,47.25,47.64,11302700,0.0,0
2017-08-01,47.74,47.86,47.39,47.84,9372100,0.0,0
2017-08-02,47.74,47.82,47.28,47.62,23084000,0.0,0
2017-08-03,47.62,47.78,47.25,47.43,8643500,0.0,0
2017-08-04,47.47,47.47,47.03,47.13,8677900,0.0,0
2017-08-07,47.02,47.34,47.02,47.2,6561800,0.0,0
2017-08-08,47.07,47.77,46.76,46.84,10462200,0.0,0
2017-08-09,46.62,47.29,46.58,47.27,8085300,0.0,0
2017-08-10,47.06,47.25,46.68,46.88,10768000,0.0,0
2017-08-11,46.93,47.59,46.84,47.22,5894200,0.0,0
2017-08-14,47.51,48.05,47.39,47.97,8118200,0.0,0
2017-08-15,48.06,48.44,47.79,48.25,7876300,0.0,0
2017-08-16,48.42,48.46,47.71,47.75,7414900,0.0,0
2017-08-17,47.64,47.84,46.82,46.82,6589400,0.0,0
2017-08-18,46.81,46.95,46.49,46.51,6696400,0.0,0
2017-08-21,46.58,46.65,46.13,46.56,5205700,0.0,0
2017-08-22,46.76,47.13,46.76,46.89,4443300,0.0,0
2017-08-23,46.85,46.94,46.38,46.78,5259300,0.0,0
2017-08-24,46.91,47.21,46.81,47.02,6198600,0.0,0
2017-08-25,47.28,47.34,46.59,46.6,8684700,0.0,0
2017-08-28,46.88,46.92,46.6,46.92,4519000,0.57,0
2017-08-29,46.47,46.97,46.44,46.92,4980900,0.0,0
2017-08-30,47.3,47.36,46.69,47.2,4876200,0.0,0
2017-08-31,47.33,47.63,47.2,47.34,8215800,0.0,0
2017-09-01,47.57,47.79,47.03,47.14,5301300,0.0,0
2017-09-05,46.97,47.0,45.13,45.31,17811100,0.0,0
2017-09-06,45.45,45.98,45.13,45.69,16206900,0.0,0
2017-09-07,45.79,45.91,45.51,45.63,10035500,0.0,0
2017-09-08,45.6,45.69,44.3,44.96,12809400,0.0,0
2017-09-11,45.23,45.89,45.2,45.8,7473500,0.0,0
2017-09-12,45.82,46.25,45.75,46.1,4526800,0.0,0
2017-09-13,46.01,46.29,45.93,46.2,6191400,0.0,0
2017-09-14,46.16,46.72,45.89,46.62,7741300,0.0,0
2017-09-15,47.05,47.36,46.59,47.26,13177900,0.0,0
2017-09-18,47.31,47.43,47.06,47.32,6002700,0.0,0
2017-09-19,47.45,47.55,47.15,47.36,5825200,0.0,0
2017-09-20,47.48,47.56,46.62,47.07,8400300,0.0,0
2017-09-21,46.97,47.27,46.83,47.12,5750600,0.0,0
2017-09-22,46.93,47.3,46.89,47.17,4105100,0.0,0
2017-09-25,47.0,47.36,46.74,46.75,8178400,0.0,0
2017-09-26,46.87,46.97,46.05,46.3,9378800,0.0,0
2017-09-27,46.58,46.74,46.32,46.69,8200600,0.0,0
2017-09-28,46.53,47.13,46.47,46.87,5732900,0.0,0
2017-09-29,47.01,47.13,46.75,46.95,5371200,0.0,0
2017-10-02,47.17,47.24,46.82,46.98,4439200,0.0,0
2017-10-03,47.08,47.29,46.78,47.11,4378000,0.0,0
2017-10-04,47.03,47.2,46.79,47.06,4587700,0.0,0
2017-10-05,47.25,47.48,47.06,47.41,5179100,0.0,0
2017-10-06,47.24,47.66,47.24,47.54,4795300,0.0,0
2017-10-09,47.71,47.98,47.44,47.89,5817500,0.0,0
2017-10-10,47.95,48.81,47.91,48.79,8761700,0.0,0
2017-10-11,48.71,49.25,48.6,49.01,9427300,0.0,0
2017-10-12,48.8,49.07,47.96,48.0,7062300,0.0,0
2017-10-13,48.34,48.34,47.76,47.84,7005600,0.0,0
2017-10-16,47.98,48.0,47.37,47.44,5930900,0.0,0
2017-10-17,47.38,47.49,46.96,47.46,7662900,0.0,0
2017-10-18,47.58,47.7,47.11,47.28,6032600,0.0,0
2017-10-19,47.12,47.45,47.1,47.36,6825200,0.0,0
2017-10-20,47.55,47.63,47.04,47.11,8845000,0.0,0
2017-10-23,47.36,48.7,47.21,48.35,9775400,0.0,0
2017-10-24,48.4,49.3,48.36,49.13,11415700,0.0,0
2017-10-25,48.89,49.29,48.43,48.76,7581500,0.0,0
2017-10-26,48.99,49.26,48.6,48.72,5270800,0.0,0
2017-10-27,48.63,49.54,48.32,49.42,8962400,0.0,0
2017-10-30,49.05,49.6,48.98,49.5,7081500,0.0,0
2017-10-31,47.33,47.54,45.3,46.2,29914100,0.0,0
2017-11-01,46.61,48.44,45.74,48.41,15624400,0.0,0
2017-11-02,48.54,50.43,48.54,49.66,17337800,0.0,0
2017-11-03,49.59,58.86,49.09,55.98,80964500,0.0,0
2017-11-06,58.45,59.16,56.28,56.62,58900800,0.0,0
2017-11-07,56.62,58.1,56.56,58.05,23424600,0.0,0
2017-11-08,58.15,59.58,58.15,59.31,26515400,0.0,0
2017-11-09,58.78,59.16,57.9,58.5,15954900,0.0,0
2017-11-10,58.29,58.96,57.89,58.48,9626200,0.0,0
2017-11-13,58.83,60.51,58.64,60.22,24411600,0.0,0
2017-11-14,59.92,60.5,59.36,59.77,14036700,0.0,0
2017-11-15,59.36,60.21,59.08,59.42,10565400,0.0,0
2017-11-16,59.56,60.26,59.26,59.87,12339800,0.0,0
2017-11-17,60.11,60.63,59.77,60.42,13334000,0.0,0
2017-11-20,59.93,60.54,59.73,60.2,9749400,0.0,0
2017-11-21,59.18,60.61,59.11,60.38,11215800,0.0,0
2017-11-22,60.11,61.82,59.99,61.7,15489400,0.0,0
2017-11-24,62.04,62.74,61.99,62.41,9233500,0.0,0
2017-11-27,62.13,62.42,61.62,61.71,20404600,0.0,0
2017-11-28,61.73,62.48,61.39,62.45,12861300,0.57,0
2017-11-29,62.19,62.28,60.3,60.75,17022200,0.0,0
2017-11-30,60.74,61.28,60.02,60.59,15555600,0.0,0
2017-12-01,59.54,60.39,59.0,59.81,15851100,0.0,0
2017-12-04,59.91,60.0,58.27,58.96,17325100,0.0,0
2017-12-05,59.23,59.39,58.81,59.08,9661200,0.0,0
2017-12-06,59.03,59.98,58.78,59.34,6952300,0.0,0
2017-12-07,59.55,59.86,59.15,59.57,8755000,0.0,0
2017-12-08,59.91,59.91,58.34,58.67,9371900,0.0,0
2017-12-11,58.5,59.6,58.45,59.53,12185000,0.0,0
2017-12-12,59.25,59.46,58.95,59.23,7021200,0.0,0
2017-12-13,59.34,59.75,59.21,59.27,6490400,0.0,0
2017-12-14,59.23,59.52,58.95,59.09,7122000,0.0,0
2017-12-15,59.66,59.75,58.91,59.14,18833000,0.0,0
2017-12-18,59.3,59.78,59.18,59.71,7440900,0.0,0
2017-12-19,59.46,59.8,58.84,58.91,7130000,0.0,0
2017-12-20,58.96,59.52,58.75,59.0,6933600,0.0,0
2017-12-21,59.13,59.33,58.76,58.81,5451100,0.0,0
2017-12-22,58.73,59.34,58.72,59.12,4444300,0.0,0
2017-12-26,58.9,59.31,58.63,58.72,4236500,0.0,0
2017-12-27,58.74,59.03,58.61,58.94,4899600,0.0,0
2017-12-28,59.08,59.12,58.77,58.8,2451300,0.0,0
2017-12-29,58.78,59.04,58.45,58.47,6631800,0.0,0
2018-01-02,58.8,59.66,58.6,59.54,6329600,0.0,0
2018-01-03,59.56,60.33,59.08,60.22,6844200,0.0,0
2018-01-04,60.44,60.76,60.19,60.3,5060100,0.0,0
2018-01-05,60.31,60.82,59.82,60.7,5421800,0.0,0
2018-01-08,60.5,60.76,60.22,60.52,4266900,0.0,0
2018-01-09,59.95,60.15,59.31,59.61,7632300,0.0,0
2018-01-10,59.8,60.04,59.25,59.6,6569300,0.0,0
2018-01-11,59.54,59.82,59.49,59.76,4233100,0.0,0
2018-01-12,59.92,60.18,59.44,59.71,5007200,0.0,0
2018-01-16,60.49,62.7,60.3,62.33,24478800,0.0,0
2018-01-17,62.58,62.92,61.41,62.12,12559100,0.0,0
2018-01-18,61.87,62.27,61.64,62.15,6797900,0.0,0
2018-01-19,62.14,62.33,61.87,62.14,8864300,0.0,0
2018-01-22,61.93,62.79,61.84,62.71,8566200,0.0,0
2018-01-23,62.65,62.92,62.32,62.41,7825600,0.0,0
2018-01-24,62.28,62.37,61.54,62.08,12383100,0.0,0
2018-01-25,62.23,62.44,61.45,61.57,9122200,0.0,0
2018-01-26,62.05,62.59,61.74,62.59,7919000,0.0,0
2018-01-29,62.25,62.38,61.41,61.48,9745300,0.0,0
2018-01-30,61.58,62.02,60.94,61.18,8059500,0.0,0
2018-01-31,61.69,62.45,61.61,62.33,13915600,0.0,0
2018-02-01,61.19,62.42,60.57,61.01,16838500,0.0,0
2018-02-02,60.44,61.23,60.15,60.34,10971700,0.0,0
2018-02-05,60.55,60.78,55.25,56.38,35996000,0.0,0
2018-02-06,56.91,58.93,56.81,58.81,24458700,0.0,0
2018-02-07,58.65,60.39,58.47,59.4,15021200,0.0,0
2018-02-08,59.02,59.43,56.99,57.01,13451600,0.0,0
2018-02-09,57.49,58.74,56.13,58.44,23095000,0.0,0
2018-02-12,59.26,60.0,58.81,59.97,13692100,0.0,0
2018-02-13,59.57,60.06,59.34,60.0,7695900,0.0,0
2018-02-14,59.5,61.01,59.45,60.81,10370900,0.0,0
2018-02-15,60.62,60.62,58.32,59.62,15548400,0.0,0
2018-02-16,59.15,60.12,59.0,59.23,11760300,0.0,0
2018-02-20,57.54,58.58,56.49,58.44,27494600,0.0,0
2018-02-21,57.65,58.32,57.22,57.9,14895600,0.0,0
2018-02-22,57.67,58.07,56.65,56.79,11722300,0.0,0
2018-02-23,57.36,57.83,56.65,57.83,6762200,0.0,0
2018-02-26,58.95,61.52,58.62,61.17,27374300,0.0,0
2018-02-27,61.71,62.29,60.8,61.11,14326000,0.57,0
2018-02-28,61.44,61.46,59.79,59.87,9582100,0.0,0
2018-03-01,59.9,61.01,59.25,59.83,10799200,0.0,0
2018-03-02,59.24,59.73,58.98,59.63,10612700,0.0,0
2018-03-05,59.26,60.42,58.53,58.96,15445500,0.0,0
2018-03-06,58.49,58.54,56.24,57.24,23450400,0.0,0
2018-03-07,56.64,57.67,56.58,57.56,12602400,0.0,0
2018-03-08,57.71,57.79,56.71,56.94,8902100,0.0,0
2018-03-09,57.44,58.08,57.22,58.06,7655300,0.0,0
2018-03-12,58.08,58.47,57.38,57.85,15801300,0.0,0
2018-03-13,55.05,56.56,54.46,54.99,38572700,0.0,0
2018-03-14,55.17,55.62,53.33,55.38,29759100,0.0,0
2018-03-15,55.29,55.52,54.86,55.16,10494300,0.0,0
2018-03-16,55.82,56.64,55.71,55.84,25574500,0.0,0
2018-03-19,55.44,55.59,53.33,53.76,14131400,0.0,0
2018-03-20,54.34,54.43,53.38,53.66,10615400,0.0,0
2018-03-21,52.96,53.68,52.29,52.33,12231900,0.0,0
2018-03-22,51.8,52.35,51.14,51.19,13554600,0.0,0
2018-03-23,51.24,51.4,49.42,49.43,14713300,0.0,0
2018-03-26,50.27,51.71,49.97,51.7,12093900,0.0,0
2018-03-27,52.13,52.72,50.24,50.51,12243200,0.0,0
2018-03-28,50.49,51.55,50.16,50.38,12925500,0.0,0
2018-03-29,50.7,51.52,50.31,51.04,8482500,0.0,0
2018-04-02,50.75,50.88,48.88,49.56,16469600,0.0,0
2018-04-03,50.01,50.71,49.39,50.46,7930700,0.0,0
2018-04-04,49.56,50.77,49.21,50.65,7496700,0.0,0
2018-04-05,51.11,51.12,50.14,50.7,5823300,0.0,0
2018-04-06,50.13,50.45,48.92,48.93,8322200,0.0,0
2018-04-09,49.3,50.56,49.13,49.21,7608500,0.0,0
2018-04-10,50.27,50.67,49.94,50.45,12009000,0.0,0
2018-04-11,49.91,50.73,49.88,50.67,6205300,0.0,0
2018-04-12,51.09,51.26,50.68,50.84,7412700,0.0,0
2018-04-13,52.14,52.31,51.05,51.33,12588200,0.0,0
2018-04-16,51.53,51.57,50.26,50.45,7850500,0.0,0
2018-04-17,50.65,51.29,50.46,50.98,7089700,0.0,0
2018-04-18,50.79,51.23,50.55,50.87,4796800,0.0,0
2018-04-19,49.74,49.87,48.36,48.42,19179500,0.0,0
2018-04-20,48.64,48.72,47.27,47.38,11838200,0.0,0
2018-04-23,47.44,47.72,46.3,46.54,10961500,0.0,0
2018-04-24,46.87,47.24,45.48,46.0,11670000,0.0,0
2018-04-25,46.06,46.46,45.01,45.82,9619200,0.0,0
2018-04-26,45.61,46.6,44.73,46.49,13684000,0.0,0
2018-04-27,46.75,47.31,46.51,47.08,9443100,0.0,0
2018-04-30,47.21,47.73,46.98,46.99,9469600,0.0,0
2018-05-01,46.76,47.02,46.09,46.81,6780500,0.0,0
2018-05-02,47.2,47.21,45.98,46.29,8143000,0.0,0
2018-05-03,46.05,46.55,45.42,46.34,8609200,0.0,0
2018-05-04,46.22,48.45,45.98,48.35,9880600,0.0,0
2018-05-07,48.43,49.07,48.38,48.83,9571700,0.0,0
2018-05-08,48.86,49.07,48.0,48.69,9930000,0.0,0
2018-05-09,48.69,49.12,48.08,48.98,7016100,0.0,0
2018-05-10,50.15,50.73,49.69,50.63,12267200,0.0,0
2018-05-11,50.44,51.39,50.31,50.87,9639100,0.0,0
2018-05-14,52.81,53.24,51.9,52.26,15400300,0.0,0
2018-05-15,52.04,52.14,50.86,51.25,12050500,0.0,0
2018-05-16,51.36,52.33,51.28,52.23,8675600,0.0,0
2018-05-17,52.03,52.85,51.94,52.46,11450700,0.0,0
2018-05-18,52.44,53.41,51.95,52.97,11999700,0.0,0
2018-05-21,53.13,53.67,52.29,53.16,14286400,0.0,0
2018-05-22,53.34,53.76,52.57,52.86,9432500,0.0,0
2018-05-23,52.42,54.22,52.35,54.18,11322500,0.0,0
2018-05-24,53.96,54.58,53.47,54.42,12487200,0.0,0
2018-05-25,54.21,55.27,54.17,55.23,11501500,0.0,0
2018-05-29,55.38,55.47,53.7,54.2,14696300,0.62,0
2018-05-30,54.36,54.59,53.67,54.35,9146000,0.0,0
2018-05-31,53.98,54.51,53.76,54.09,12813200,0.0,0
2018-06-01,54.3,54.66,53.99,54.55,8869700,0.0,0
2018-06-04,54.56,54.79,53.94,54.64,9696700,0.0,0
2018-06-05,54.78,55.47,54.69,54.89,6562700,0.0,0
2018-06-06,55.15,55.7,55.02,55.69,6236700,0.0,0
2018-06-07,57.71,58.31,56.05,56.44,14786100,0.0,0
2018-06-08,56.08,56.42,55.67,56.09,7035300,0.0,0
2018-06-11,56.0,56.23,55.68,55.78,7369500,0.0,0
2018-06-12,55.95,56.2,55.42,55.65,7153500,0.0,0
2018-06-13,55.54,56.06,55.02,55.12,9676300,0.0,0
2018-06-14,55.18,55.56,54.87,55.34,8372900,0.0,0
2018-06-15,55.72,55.8,54.84,55.71,13804900,0.0,0
2018-06-18,55.2,55.26,54.84,55.1,6946600,0.0,0
2018-06-19,54.24,54.67,53.84,54.63,7958300,0.0,0
2018-06-20,55.08,55.1,54.27,54.72,6526400,0.0,0
2018-06-21,55.11,55.11,54.35,54.68,6605400,0.0,0
2018-06-22,54.71,55.01,54.38,54.45,8074100,0.0,0
2018-06-25,54.07,54.11,52.69,53.1,8635900,0.0,0
2018-06-26,53.13,53.19,52.41,52.54,8934700,0.0,0
2018-06-27,52.63,53.54,51.32,51.35,11832400,0.0,0
2018-06-28,51.3,52.55,51.27,52.03,11723600,0.0,0
2018-06-29,52.24,52.92,52.2,52.23,11274000,0.0,0
2018-07-02,51.56,52.33,51.3,52.29,7299900,0.0,0
2018-07-03,52.5,52.61,51.42,51.5,3618900,0.0,0
2018-07-05,51.84,53.45,51.8,53.41,11728300,0.0,0
2018-07-06,53.48,54.05,53.08,53.83,8806200,0.0,0
2018-07-09,54.04,54.27,53.27,54.02,4577100,0.0,0
2018-07-10,54.04,54.42,53.94,54.33,6848900,0.0,0
2018-07-11,53.45,53.99,52.81,53.33,8702000,0.0,0
2018-07-12,53.84,54.44,53.34,54.28,8426400,0.0,0
2018-07-13,54.21,54.71,54.15,54.35,5266100,0.0,0
2018-07-16,54.37,54.76,54.04,54.31,5907100,0.0,0
2018-07-17,53.91,54.83,53.63,54.83,7560300,0.0,0
2018-07-18,54.91,54.91,54.33,54.69,6795100,0.0,0
