Open,High,Low,Close,Volume,Dividends,Stock Splits
20.7,20.82,20.52,20.67,56877700,0.0,0
20.66,20.73,20.1,20.33,78531900,0.0,0
20.14,20.21,19.92,20.04,64922100,0.0,0
19.89,20.19,19.77,20.18,55982100,0.0,0
20.18,20.33,20.04,20.23,57096500,0.0,0
20.01,20.02,19.65,19.8,87257700,0.0,0
19.5,19.67,19.4,19.64,76746900,0.0,0
19.29,19.5,19.24,19.35,70240500,0.0,0
19.24,19.49,19.15,19.28,45263500,0.0,0
19.24,19.44,19.2,19.35,40909700,0.0,0
19.62,19.82,19.54,19.62,52912600,0.13,0
19.6,19.82,19.39,19.71,46818900,0.0,0
19.55,19.65,19.23,19.41,54064600,0.0,0
19.31,19.38,19.22,19.24,49560100,0.0,0
19.41,19.57,19.25,19.28,51643000,0.0,0
19.13,19.34,19.06,19.09,66522500,0.0,0
19.06,19.24,18.96,19.14,47404800,0.0,0
19.13,19.21,18.89,18.92,49105300,0.0,0
18.97,19.08,18.67,19.01,60939400,0.0,0
18.85,18.92,18.74,18.77,45453100,0.0,0
18.74,18.85,18.52,18.64,66074600,0.0,0
18.8,19.02,18.7,18.98,65235900,0.0,0
18.97,19.02,18.83,19.01,48837100,0.0,0
19.25,19.42,19.22,19.29,64189100,0.0,0
19.14,19.3,19.0,19.03,51928700,0.0,0
19.12,19.22,18.85,19.01,65512400,0.0,0
19.21,19.23,19.05,19.07,46028900,0.0,0
19.04,19.08,18.89,18.94,58284300,0.0,0
19.22,20.09,19.13,19.94,114680400,0.0,0
19.89,20.13,19.77,19.88,87160400,0.0,0
19.93,20.03,19.79,19.95,56201900,0.0,0
19.9,20.15,19.89,20.12,44548300,0.0,0
20.17,20.28,19.92,20.03,70341600,0.0,0
20.08,20.27,19.94,20.2,49838700,0.0,0
20.19,20.19,19.92,19.97,52675700,0.0,0
19.77,19.83,19.35,19.55,94299400,0.0,0
19.47,19.53,19.35,19.4,46201800,0.0,0
19.57,19.7,19.52,19.68,51948800,0.0,0
19.74,19.85,19.53,19.64,43603300,0.0,0
19.7,19.78,19.34,19.6,56041200,0.0,0
19.56,19.58,19.38,19.46,44318900,0.0,0
19.55,19.72,19.35,19.45,61262700,0.0,0
19.67,19.71,19.3,19.36,62672300,0.0,0
19.03,19.05,18.89,18.99,98143400,0.0,0
19.11,19.42,18.99,19.34,78152900,0.0,0
19.31,19.49,19.16,19.4,50489700,0.0,0
19.55,19.66,19.28,19.48,50096100,0.0,0
19.55,19.58,19.35,19.51,41327800,0.0,0
19.65,19.65,19.46,19.53,27587800,0.0,0
19.58,19.8,19.4,19.72,50141500,0.0,0
19.87,20.28,19.77,20.12,75336500,0.0,0
20.09,20.12,19.85,20.04,51949100,0.0,0
20.14,20.29,20.04,20.28,68954800,0.0,0
20.32,20.61,20.21,20.51,48330500,0.0,0
20.07,20.15,19.82,19.93,66150900,0.0,0
20.06,20.17,19.93,20.1,56283600,0.0,0
20.17,20.28,19.89,20.19,50032400,0.0,0
20.27,20.28,20.07,20.16,25837900,0.0,0
20.05,20.13,19.99,20.01,50912400,0.0,0
19.95,20.63,19.9,20.57,69304200,0.0,0
20.48,20.74,20.35,20.69,64805500,0.0,0
20.82,20.95,20.59,20.87,80730300,0.0,0
21.56,21.6,21.03,21.18,114193200,0.0,0
21.35,21.62,21.21,21.4,61912100,0.0,0
21.49,21.78,21.46,21.75,54402100,0.0,0
21.81,21.83,21.41,21.47,110255300,0.0,0
21.77,21.78,21.45,21.55,93599300,0.0,0
21.58,21.59,21.07,21.32,110953700,0.0,0
21.19,22.93,21.11,21.29,71670800,0.0,0
21.29,21.53,21.21,21.4,58538600,0.0,0
21.45,21.51,21.29,21.4,52277300,0.0,0
21.19,21.22,20.87,21.19,62073100,0.0,0
21.02,21.06,20.73,20.86,64962200,0.0,0
20.91,21.05,20.78,20.81,51794600,0.0,0
20.81,20.81,20.5,20.62,65339200,0.16,0
20.7,20.7,20.42,20.43,58299700,0.0,0
20.54,20.84,20.46,20.65,59514000,0.0,0
20.62,20.64,20.46,20.53,52423200,0.0,0
20.5,20.57,20.33,20.56,53350500,0.0,0
20.43,20.46,20.05,20.07,69742500,0.0,0
20.14,20.34,20.1,20.27,56825900,0.0,0
20.14,20.3,20.11,20.18,21356500,0.0,0
20.13,20.31,19.92,20.22,56603600,0.0,0
20.02,20.35,19.98,20.18,75282100,0.0,0
20.43,20.98,20.42,20.81,74123500,0.0,0
20.97,21.56,20.94,21.49,91759200,0.0,0
21.42,21.62,21.4,21.59,52622000,0.0,0
21.52,21.56,21.38,21.45,36264200,0.0,0
21.64,21.68,21.46,21.47,57860500,0.0,0
21.44,21.77,21.42,21.76,41666800,0.0,0
21.8,21.85,21.58,21.64,47148300,0.0,0
21.73,21.89,21.66,21.85,37625800,0.0,0
21.79,21.93,21.71,21.77,47943900,0.0,0
21.82,22.17,21.78,22.07,64070500,0.0,0
22.0,22.37,22.0,22.25,69634200,0.0,0
22.18,22.37,22.1,22.37,57680200,0.0,0
22.31,22.45,22.17,22.29,87456500,0.0,0
22.33,22.37,22.12,22.22,52811000,0.0,0
22.25,22.49,22.18,22.43,38153000,0.0,0
22.38,22.69,22.36,22.53,42252300,0.0,0
22.35,22.63,22.34,22.61,24902500,0.0,0
22.47,22.53,22.28,22.43,21652800,0.0,0
22.35,22.51,22.34,22.38,23042200,0.0,0
22.33,22.47,22.28,22.35,19502500,0.0,0
22.31,22.37,22.2,22.25,20786100,0.0,0
22.21,22.31,22.08,22.3,24752000,0.0,0
22.41,22.52,22.31,22.36,53443800,0.0,0
22.33,22.51,22.25,22.45,54405600,0.0,0
22.29,22.38,22.19,22.37,58998700,0.0,0
22.41,23.05,22.26,23.03,88026300,0.0,0
22.89,22.97,22.57,22.85,73762000,0.0,0
22.58,22.69,22.41,22.55,57573600,0.0,0
22.53,22.57,22.41,22.46,50298900,0.0,0
22.47,22.85,22.43,22.81,52631100,0.0,0
22.64,22.69,22.38,22.53,67077600,0.0,0
22.44,22.68,22.3,22.61,62688400,0.0,0
22.5,22.97,22.49,22.9,53322700,0.0,0
22.74,22.92,22.59,22.75,50005900,0.0,0
22.77,22.81,22.48,22.65,58613600,0.0,0
22.69,22.72,22.39,22.39,58080300,0.0,0
22.39,22.82,22.37,22.68,52047800,0.0,0
22.49,22.73,22.47,22.73,42436600,0.0,0
22.78,23.17,22.77,23.0,74628800,0.0,0
22.97,23.54,22.77,23.07,146938600,0.0,0
23.09,23.12,21.93,22.17,141249400,0.0,0
22.19,22.29,21.91,22.16,65029000,0.0,0
22.21,22.42,22.06,22.37,62810700,0.0,0
22.32,22.46,22.28,22.33,45824000,0.0,0
22.35,22.35,22.01,22.09,60340100,0.0,0
22.13,22.25,21.98,22.19,40412200,0.0,0
22.21,22.65,22.21,22.53,68980900,0.0,0
22.45,22.65,22.41,22.6,34904200,0.0,0
22.53,22.58,22.3,22.35,52905100,0.0,0
22.32,22.33,21.81,21.97,76672400,0.0,0
22.18,22.22,21.63,21.77,83939700,0.0,0
21.74,21.79,21.54,21.76,56766200,0.0,0
21.73,21.97,21.66,21.67,44116500,0.16,0
21.74,21.76,21.38,21.72,70817900,0.0,0
21.68,22.0,21.63,21.87,57207300,0.0,0
21.81,21.87,21.69,21.75,68667800,0.0,0
21.53,21.78,21.32,21.37,60889000,0.0,0
21.32,21.59,21.24,21.37,60234100,0.0,0
21.41,21.75,21.3,21.52,64494200,0.0,0
21.63,21.66,21.3,21.34,53006300,0.0,0
21.45,21.59,21.31,21.37,51379900,0.0,0
21.38,21.53,21.02,21.03,60055000,0.0,0
20.99,21.2,20.93,20.96,48658200,0.0,0
21.11,21.22,21.04,21.06,68271500,0.0,0
21.08,21.09,20.74,20.86,70437200,0.0,0
21.0,21.12,20.54,20.67,64980400,0.0,0
20.71,20.91,20.62,20.83,50549800,0.0,0
20.75,20.88,20.63,20.81,39789100,0.0,0
20.59,20.67,20.38,20.42,66549500,0.0,0
20.42,20.78,20.38,20.64,49905800,0.0,0
20.49,20.71,20.38,20.65,54473400,0.0,0
20.16,20.47,20.1,20.41,76067300,0.0,0
20.27,20.32,19.84,19.93,100725400,0.0,0
20.14,20.27,19.89,19.92,62497000,0.0,0
20.14,20.24,19.93,19.93,85486700,0.0,0
20.24,20.56,20.22,20.36,46878100,0.0,0
20.34,20.46,20.28,20.34,30895600,0.0,0
20.28,20.59,20.24,20.53,43969000,0.0,0
20.58,20.79,20.5,20.75,38696700,0.0,0
20.84,20.86,20.57,20.59,57029800,0.0,0
20.63,20.67,20.4,20.42,48973200,0.0,0
20.37,20.51,20.34,20.49,40763500,0.0,0
20.58,20.67,20.5,20.59,41999300,0.0,0
20.58,20.64,20.37,20.41,63233700,0.0,0
20.52,20.52,20.34,20.48,63114200,0.0,0
20.46,20.63,20.42,20.54,35433700,0.0,0
20.75,21.04,20.69,20.72,73651100,0.0,0
20.88,21.15,20.79,21.02,65581400,0.0,0
21.05,21.11,20.87,21.06,46134700,0.0,0
21.04,21.12,20.87,20.96,39887600,0.0,0
21.05,21.1,20.74,20.88,34286300,0.0,0
20.76,20.78,20.54,20.61,36920400,0.0,0
20.62,20.79,20.55,20.6,38144700,0.0,0
20.43,20.45,20.17,20.43,55239900,0.0,0
20.46,20.55,20.24,20.39,65080400,0.0,0
20.18,20.32,19.87,20.16,58045100,0.0,0
20.1,20.23,19.99,20.22,38892400,0.0,0
20.53,20.9,20.5,20.71,61608600,0.0,0
20.73,20.81,20.38,20.51,46892300,0.0,0
20.55,20.59,20.37,20.59,33525100,0.0,0
20.69,21.25,20.63,21.05,69200000,0.0,0
21.14,21.21,21.0,21.2,52689000,0.0,0
21.27,21.6,21.22,21.47,80200000,0.0,0
21.34,21.41,20.38,20.83,319317900,0.0,0
20.85,20.9,20.48,20.63,89825600,0.0,0
20.58,20.78,20.49,20.75,71892900,0.0,0
20.78,21.1,20.73,20.95,73292300,0.0,0
20.94,20.96,20.64,20.73,55600000,0.0,0
20.96,21.08,20.7,20.79,55993000,0.0,0
20.74,20.87,20.63,20.76,38696400,0.0,0
20.4,20.78,20.3,20.63,120798700,0.0,0
20.62,20.63,20.26,20.38,78600000,0.0,0
20.38,20.41,20.18,20.35,77400000,0.0,0
20.32,20.35,20.05,20.12,66812300,0.0,0
20.06,20.15,19.69,19.75,91350900,0.0,0
19.74,19.98,19.64,19.84,82882100,0.16,0
19.85,20.02,19.62,19.98,53931100,0.0,0
20.11,20.13,19.82,20.0,37783600,0.0,0
20.0,20.12,19.77,19.81,45451500,0.0,0
19.59,19.62,19.44,19.56,52692500,0.0,0
19.58,19.65,19.45,19.54,47691800,0.0,0
19.56,19.67,19.55,19.57,34904200,0.0,0
19.7,20.25,19.68,19.96,78016600,0.0,0
19.97,20.15,19.94,20.03,50251000,0.0,0
20.19,20.28,19.98,20.23,60196300,0.0,0
20.22,20.31,19.72,19.77,74033500,0.0,0
19.81,19.94,19.56,19.6,51487800,0.0,0
19.46,19.53,19.29,19.34,60697700,0.0,0
19.33,19.62,19.23,19.43,54778700,0.0,0
19.49,19.56,19.34,19.47,41112600,0.0,0
19.34,19.43,19.3,19.37,42205000,0.0,0
19.43,19.45,19.27,19.39,42878700,0.0,0
19.43,19.43,19.17,19.18,49327200,0.0,0
19.25,19.57,19.17,19.45,47572500,0.0,0
19.66,19.78,19.57,19.6,42894500,0.0,0
19.42,19.43,19.15,19.21,49410200,0.0,0
19.22,19.5,19.13,19.42,57184100,0.0,0
19.6,19.66,19.4,19.63,83320400,0.0,0
19.56,19.95,19.55,19.8,54338400,0.0,0
19.84,20.11,19.74,20.03,49708700,0.0,0
19.9,20.07,19.9,19.94,44287300,0.0,0
19.77,19.94,19.58,19.93,59470400,0.0,0
19.83,19.85,19.57,19.66,101387200,0.0,0
19.6,20.6,19.6,20.39,92044200,0.0,0
20.47,20.97,20.36,20.87,81032100,0.0,0
20.8,20.8,20.52,20.73,66051000,0.0,0
20.83,21.04,20.76,21.04,52535400,0.0,0
20.98,21.17,20.91,21.05,52906200,0.0,0
21.12,21.16,20.95,21.06,37805300,0.0,0
21.01,21.34,21.0,21.3,48744200,0.0,0
21.43,21.75,21.33,21.66,51946500,0.0,0
21.47,21.83,21.45,21.78,58320700,0.0,0
21.54,21.68,21.43,21.55,43999800,0.0,0
21.48,21.67,21.31,21.47,47319300,0.0,0
21.52,21.81,21.45,21.55,40861800,0.0,0
21.54,21.85,21.33,21.42,46382300,0.0,0
21.42,21.79,21.42,21.67,49132400,0.0,0
21.55,21.76,21.25,21.51,44501900,0.0,0
21.69,22.36,21.67,22.28,86730600,0.0,0
22.07,22.13,21.83,21.89,49795400,0.0,0
21.88,22.1,21.56,21.93,81737400,0.0,0
21.73,22.29,21.59,22.27,76380600,0.0,0
22.06,22.73,22.0,22.58,108482400,0.0,0
22.51,22.78,22.48,22.72,74636500,0.0,0
22.56,22.65,22.01,22.11,71488700,0.0,0
22.08,22.71,22.01,22.43,83761400,0.0,0
22.27,22.42,22.06,22.17,104394800,0.0,0
22.26,22.4,21.64,22.06,61838400,0.0,0
21.83,22.21,21.65,21.68,63883100,0.0,0
21.71,21.84,21.42,21.78,64581200,0.0,0
21.46,21.74,20.98,20.99,92949500,0.0,0
21.01,21.12,20.41,20.78,112071700,0.0,0
20.24,20.71,19.73,19.81,134257200,0.0,0
19.99,20.73,19.44,20.7,126268900,0.0,0
20.19,20.3,19.5,19.58,127819900,0.0,0
19.82,20.53,19.74,20.38,90690100,0.0,0
20.33,20.5,19.94,20.31,64787100,0.0,0
20.42,20.7,20.35,20.64,56529400,0.0,0
20.53,20.83,20.4,20.64,54251500,0.16,0
20.56,20.92,20.3,20.56,50923700,0.0,0
20.0,20.43,19.56,20.09,105714200,0.0,0
19.87,20.05,19.47,19.58,77397900,0.0,0
19.88,19.94,19.37,19.52,54721000,0.0,0
19.56,20.15,19.56,20.13,59670600,0.0,0
20.07,20.3,19.88,20.27,45329700,0.0,0
20.42,20.48,19.95,20.0,48192000,0.0,0
19.96,20.63,19.88,20.56,71957000,0.0,0
20.79,21.05,20.66,21.04,38863200,0.0,0
20.95,21.52,20.92,21.36,57341400,0.0,0
21.4,21.75,21.38,21.66,59300800,0.0,0
21.54,21.87,21.34,21.34,60510800,0.0,0
20.99,21.17,20.89,21.01,43894400,0.0,0
20.52,20.83,20.44,20.77,54929300,0.0,0
20.92,21.17,20.82,21.17,41961000,0.0,0
21.17,21.71,21.13,21.35,65811900,0.0,0
21.17,21.32,20.76,20.96,64529200,0.0,0
20.71,21.11,20.57,21.08,55046100,0.0,0
21.1,21.32,21.01,21.2,48792300,0.0,0
21.31,21.82,21.08,21.58,66739200,0.0,0
21.76,22.01,21.42,21.97,67808300,0.0,0
22.02,22.2,21.84,22.08,89681500,0.0,0
21.82,22.24,21.66,22.15,52324900,0.0,0
22.24,22.39,21.93,21.97,49211900,0.0,0
22.02,22.03,21.14,21.16,72750700,0.0,0
20.6,20.88,20.03,20.4,96278300,0.0,0
20.27,20.48,20.1,20.4,64768100,0.0,0
20.51,20.78,20.13,20.71,51057600,0.0,0
20.89,21.1,20.72,20.9,55620700,0.0,0
21.11,21.47,20.77,20.83,60736200,0.0,0
21.15,21.31,20.43,20.72,63407300,0.0,0
20.52,20.76,20.26,20.26,54060500,0.0,0
20.13,20.63,19.96,19.97,64592500,0.0,0
19.78,20.67,19.75,20.63,83485400,0.0,0
20.7,21.3,20.48,21.08,94061300,0.0,0
21.09,21.49,20.92,21.45,55111400,0.0,0
21.45,21.58,21.33,21.37,52741600,0.0,0
21.64,21.96,21.55,21.93,41815300,0.0,0
21.87,22.04,21.75,21.98,38826200,0.0,0
22.13,22.24,21.9,21.95,52489800,0.0,0
21.79,22.15,21.67,22.13,43823500,0.0,0
22.24,22.39,22.0,22.2,50947700,0.0,0
22.07,22.32,21.86,21.97,39453300,0.0,0
21.93,22.31,21.82,22.24,52487900,0.0,0
22.28,22.37,21.99,22.09,42880000,0.0,0
22.19,22.26,21.49,22.02,76300200,0.0,0
22.1,22.14,21.82,22.11,76620600,0.0,0
22.03,22.31,22.02,22.14,56897800,0.0,0
22.05,22.17,21.75,21.83,53554600,0.0,0
22.01,22.03,21.25,21.65,63029900,0.0,0
22.09,22.31,21.7,22.19,74512400,0.0,0
22.1,22.14,21.81,21.97,57712100,0.0,0
21.79,21.98,21.67,21.68,46799000,0.0,0
21.32,21.43,21.05,21.16,61182600,0.0,0
21.25,21.33,20.92,21.18,53533100,0.0,0
21.36,21.65,21.15,21.6,65836100,0.0,0
21.48,21.49,21.17,21.37,36549200,0.0,0
21.34,21.84,21.27,21.82,42589700,0.0,0
21.99,22.15,21.73,22.11,47822500,0.0,0
21.65,21.78,21.22,21.33,62950900,0.0,0
21.55,21.58,21.27,21.4,32514400,0.0,0
21.64,22.05,21.63,21.91,37903000,0.0,0
21.89,21.98,21.7,21.79,34199200,0.0,0
21.79,22.1,21.66,21.94,43874200,0.2,0
21.71,21.75,21.36,21.39,53262800,0.0,0
21.34,21.36,20.87,20.95,70977500,0.0,0
20.9,20.92,20.63,20.75,47626200,0.0,0
20.7,20.71,20.43,20.51,61882500,0.0,0
20.42,20.47,20.22,20.34,49204500,0.0,0
20.19,20.34,20.07,20.07,49099700,0.0,0
20.0,20.24,19.93,19.93,26164600,0.0,0
20.46,20.48,20.25,20.4,46766700,0.0,0
20.36,20.54,20.3,20.38,40917100,0.0,0
20.81,20.99,20.62,20.98,81350900,0.0,0
20.97,21.02,20.67,20.74,48545400,0.0,0
20.99,21.02,20.64,20.69,52293800,0.0,0
21.15,21.16,20.92,21.08,56818400,0.0,0
21.17,21.22,21.01,21.05,46175300,0.0,0
21.06,21.13,20.79,21.0,62667000,0.0,0
20.9,21.1,20.81,20.84,60522200,0.0,0
20.93,21.22,20.92,21.08,53788500,0.0,0
20.84,20.98,20.75,20.93,38945900,0.0,0
21.12,21.41,21.04,21.13,54581100,0.0,0
21.1,21.21,20.98,20.99,47926400,0.0,0
21.1,21.23,20.95,20.97,46213900,0.0,0
21.06,21.47,21.02,21.33,101408100,0.0,0
21.34,21.43,20.89,20.94,52258300,0.0,0
21.21,21.41,21.17,21.35,60767600,0.0,0
21.34,21.48,20.87,21.13,64132500,0.0,0
21.18,21.21,20.9,21.17,35794100,0.0,0
21.25,21.36,21.11,21.35,23205800,0.0,0
21.3,21.44,21.27,21.36,21287200,0.0,0
21.42,21.45,21.13,21.18,29822500,0.0,0
21.29,21.37,21.21,21.34,22616900,0.0,0
21.33,21.43,21.25,21.3,27395700,0.0,0
21.78,22.12,21.65,21.96,64731500,0.0,0
22.0,22.53,21.97,22.48,80516100,0.0,0
22.46,22.75,22.39,22.71,56081400,0.0,0
22.58,23.12,22.58,23.06,99455500,0.0,0
23.01,23.05,22.74,22.76,59706800,0.0,0
22.91,23.09,22.76,22.84,60014400,0.0,0
22.5,22.95,22.45,22.74,65582400,0.0,0
22.86,22.99,22.68,22.97,49370800,0.0,0
22.91,23.17,22.8,23.17,60196100,0.0,0
23.3,23.5,23.11,23.18,72395300,0.0,0
23.22,23.3,22.94,23.16,64860600,0.0,0
23.1,23.33,22.99,23.07,74053500,0.0,0
23.64,24.4,23.58,24.37,165902900,0.0,0
24.24,24.57,24.08,24.39,76078100,0.0,0
24.17,24.26,23.94,24.07,51703300,0.0,0
23.85,24.32,23.85,24.25,59231700,0.0,0
24.29,24.36,24.12,24.2,49102800,0.0,0
24.16,24.22,23.93,23.98,44187700,0.0,0
23.76,24.3,23.65,24.29,51114800,0.0,0
24.33,24.36,23.98,24.22,50572400,0.0,0
24.44,24.65,24.41,24.52,67409900,0.0,0
24.53,24.75,24.37,24.57,52223300,0.0,0
24.72,24.94,24.68,24.81,41838500,0.0,0
24.64,24.79,24.58,24.77,28039700,0.0,0
24.73,25.01,24.65,24.9,39242400,0.0,0
24.82,25.16,24.79,25.15,49659100,0.0,0
25.17,25.27,25.0,25.24,50481600,0.0,0
25.13,25.27,24.9,25.02,44605300,0.0,0
25.13,25.24,24.96,25.08,33319800,0.0,0
25.04,25.15,24.65,24.98,59644000,0.2,0
25.04,25.09,24.8,24.81,43311300,0.0,0
25.03,26.05,25.02,25.84,94705100,0.0,0
25.76,25.86,25.56,25.8,70036500,0.0,0
25.75,26.1,25.72,25.96,50829900,0.0,0
25.97,26.16,25.75,25.82,49253200,0.0,0
25.76,26.08,25.6,25.9,35034700,0.0,0
25.99,26.01,25.8,25.99,35575400,0.0,0
25.8,26.01,25.68,25.89,34568400,0.0,0
25.94,26.36,25.91,26.32,45230600,0.0,0
26.33,26.42,26.1,26.21,59323600,0.0,0
26.36,26.74,26.3,26.66,77344100,0.0,0
26.68,26.79,26.42,26.49,47314200,0.0,0
26.43,26.46,26.11,26.26,45240000,0.0,0
26.04,26.41,26.0,26.06,51932900,0.0,0
26.15,26.36,26.03,26.29,34340400,0.0,0
26.46,26.6,26.34,26.43,36747400,0.0,0
26.51,26.55,26.36,26.41,34628400,0.0,0
26.4,26.59,26.27,26.46,34073600,0.0,0
26.62,26.99,26.55,26.98,48951700,0.0,0
26.86,27.15,26.83,27.06,41986900,0.0,0
27.07,27.2,26.9,27.12,49068300,0.0,0
27.17,27.21,26.84,26.92,65626400,0.0,0
26.87,26.93,26.55,26.59,44789200,0.0,0
26.51,26.55,26.21,26.41,41566800,0.0,0
26.39,26.55,26.27,26.35,37928600,0.0,0
26.27,26.5,26.25,26.42,31749500,0.0,0
26.51,26.51,26.19,26.43,35912200,0.0,0
26.58,26.93,26.55,26.91,36758300,0.0,0
26.96,27.0,26.75,26.85,36274900,0.0,0
26.85,27.0,26.46,26.58,41344800,0.0,0
26.47,26.58,26.27,26.52,37038500,0.0,0
26.75,26.76,26.46,26.64,31749400,0.0,0
26.6,26.8,26.38,26.66,35853600,0.0,0
26.55,26.58,26.14,26.37,42752100,0.0,0
26.14,26.17,25.64,25.77,49455900,0.0,0
25.72,26.12,25.64,26.03,50368600,0.0,0
25.78,25.93,25.57,25.68,31056400,0.0,0
25.65,25.75,25.02,25.16,54131300,0.0,0
25.13,25.21,24.96,25.06,43014000,0.0,0
25.17,25.63,25.12,25.58,38304000,0.0,0
25.51,25.73,25.37,25.44,39749200,0.0,0
25.59,25.75,25.41,25.66,38124800,0.0,0
25.82,26.1,25.76,25.96,34361500,0.0,0
25.83,25.85,25.63,25.71,40552900,0.0,0
25.7,26.16,25.55,25.61,54781200,0.0,0
26.55,27.16,26.46,26.77,106045000,0.0,0
26.68,26.84,26.45,26.52,61398200,0.0,0
26.6,26.85,26.28,26.36,40871100,0.0,0
26.36,26.69,26.32,26.59,62495500,0.0,0
26.52,26.61,26.36,26.51,40308100,0.0,0
26.52,26.6,26.32,26.41,41419100,0.0,0
26.41,26.51,26.36,26.44,35697200,0.0,0
26.46,26.7,26.38,26.43,43832300,0.0,0
26.3,26.36,26.13,26.26,37385300,0.0,0
26.32,26.34,26.1,26.22,31501300,0.0,0
25.97,26.07,25.53,25.58,57927200,0.0,0
25.35,25.48,25.24,25.31,48641400,0.0,0
25.17,25.42,24.91,25.18,46328300,0.0,0
24.93,25.46,24.85,25.4,50309300,0.0,0
25.48,25.61,25.14,25.38,43839200,0.0,0
25.34,26.04,25.34,25.73,43459300,0.0,0
25.45,25.63,25.3,25.33,40528900,0.0,0
25.47,25.6,25.06,25.11,61822800,0.2,0
25.19,25.2,24.72,24.85,60083700,0.0,0
24.93,25.11,24.69,24.7,48484000,0.0,0
24.76,24.78,24.24,24.33,56205300,0.0,0
24.19,24.76,24.15,24.73,38787900,0.0,0
24.68,24.83,24.52,24.73,39504900,0.0,0
24.39,24.44,23.8,24.19,65171000,0.0,0
24.24,24.35,23.9,24.16,52575000,0.0,0
24.27,24.4,24.11,24.15,29507200,0.0,0
24.42,24.7,24.29,24.57,37758800,0.0,0
24.39,24.5,24.2,24.39,41585500,0.0,0
24.35,24.45,24.05,24.26,39134000,0.0,0
23.9,24.07,23.64,23.65,56634300,0.0,0
23.79,23.92,23.54,23.73,47926300,0.0,0
23.7,23.89,23.6,23.7,45715400,0.0,0
24.0,24.41,23.94,24.39,46860500,0.0,0
24.63,24.68,24.24,24.29,37792800,0.0,0
24.28,24.67,24.14,24.64,42551100,0.0,0
24.71,24.78,23.95,24.02,46361900,0.0,0
24.19,24.35,23.97,24.34,35337900,0.0,0
24.29,24.47,24.14,24.21,32984600,0.0,0
24.38,24.48,24.0,24.39,39458900,0.0,0
24.59,25.0,24.51,24.95,62314400,0.0,0
24.93,24.96,24.69,24.8,58679900,0.0,0
25.09,25.86,24.98,25.52,75725800,0.0,0
25.71,25.81,25.47,25.71,36257100,0.0,0
25.73,25.88,24.98,25.05,48456600,0.0,0
25.18,25.54,24.96,25.52,45098100,0.0,0
25.18,25.2,24.62,24.83,42217200,0.0,0
24.93,25.16,24.88,24.95,38421300,0.0,0
25.09,25.35,24.96,25.08,33781700,0.0,0
24.92,24.98,24.45,24.86,45328400,0.0,0
25.31,25.51,25.05,25.42,55227200,0.0,0
25.45,25.45,25.11,25.4,30589100,0.0,0
25.12,25.57,25.08,25.57,20938100,0.0,0
25.42,25.58,25.25,25.52,28801900,0.0,0
25.44,25.52,24.89,25.09,38294800,0.0,0
25.03,25.12,24.75,24.93,30680800,0.0,0
25.0,25.12,24.53,24.72,37534100,0.0,0
24.69,24.72,24.19,24.35,39184900,0.0,0
24.23,24.25,23.72,23.8,63523600,0.0,0
23.9,24.5,23.87,24.43,39085000,0.0,0
24.5,24.54,24.14,24.47,27900600,0.0,0
24.63,24.82,24.27,24.65,33771300,0.0,0
24.6,25.31,24.48,25.31,41090400,0.0,0
25.36,25.6,25.25,25.49,46663200,0.0,0
25.76,25.81,24.98,25.03,64021700,0.0,0
24.58,24.58,24.11,24.34,55151900,0.0,0
24.3,24.4,24.02,24.23,47723300,0.0,0
24.3,24.38,23.92,23.96,45579500,0.0,0
24.29,24.52,24.18,24.24,45301400,0.0,0
24.5,24.81,24.25,24.73,44242600,0.0,0
24.73,24.78,24.48,24.63,28905000,0.0,0
24.5,24.69,24.38,24.49,37620900,0.0,0
24.59,24.64,24.28,24.44,31721800,0.0,0
24.28,24.54,24.08,24.26,39520500,0.0,0
24.54,24.88,24.5,24.73,35859400,0.0,0
24.93,25.03,24.78,24.89,27471800,0.0,0
24.99,25.22,24.83,25.15,28002900,0.0,0
25.11,25.32,25.03,25.21,26257600,0.0,0
25.26,25.47,25.18,25.35,24920800,0.0,0
25.35,25.45,25.14,25.28,27810300,0.0,0
25.22,25.32,25.07,25.26,23049100,0.0,0
25.35,25.43,25.11,25.21,34551400,0.2,0
25.19,25.33,25.12,25.27,24351000,0.0,0
25.4,25.89,25.32,25.75,35787200,0.0,0
25.87,25.87,25.59,25.85,32589900,0.0,0
25.78,25.81,25.58,25.72,23737700,0.0,0
25.73,25.9,25.61,25.77,28822700,0.0,0
25.59,25.73,25.49,25.55,33437400,0.0,0
25.43,25.43,25.17,25.32,28355600,0.0,0
25.31,25.63,25.25,25.57,22943300,0.0,0
25.88,25.9,25.59,25.68,34691100,0.0,0
25.68,25.77,25.53,25.63,23947900,0.0,0
25.64,25.73,25.47,25.64,23346800,0.0,0
25.54,25.61,25.28,25.37,23982100,0.0,0
25.6,25.9,25.42,25.78,36590100,0.0,0
25.48,25.65,25.22,25.43,48556700,0.0,0
25.28,25.54,25.27,25.43,33650000,0.0,0
25.52,26.24,25.48,26.23,48371700,0.0,0
25.97,25.99,25.71,25.89,42649100,0.0,0
25.79,25.85,25.53,25.7,40524000,0.0,0
25.68,25.86,25.61,25.76,25191800,0.0,0
25.89,26.09,25.71,25.75,32775800,0.0,0
25.84,26.09,25.43,25.89,45047300,0.0,0
25.94,26.14,25.78,26.11,51422800,0.0,0
26.09,26.15,25.97,26.11,36488500,0.0,0
26.02,26.11,25.96,26.09,34542700,0.0,0
26.01,26.09,25.97,25.98,48871900,0.0,0
25.89,26.34,25.86,26.31,45543000,0.0,0
26.3,26.45,26.01,26.09,102348900,0.0,0
25.94,25.99,25.63,25.75,46825900,0.0,0
25.89,25.94,25.4,25.43,54266400,0.0,0
25.33,25.6,25.13,25.24,54672000,0.0,0
25.24,25.43,25.01,25.23,47129900,0.0,0
25.25,25.32,24.88,24.9,54229300,0.0,0
24.94,25.08,24.61,24.67,54042700,0.0,0
24.83,25.01,24.68,24.81,43338900,0.0,0
24.89,25.09,24.82,24.98,46655900,0.0,0
25.07,25.12,24.74,25.12,43634900,0.0,0
25.29,25.31,24.88,24.97,41133900,0.0,0
24.8,25.03,24.72,24.91,29752000,0.0,0
24.83,24.88,24.41,24.5,45121100,0.0,0
24.39,24.52,24.22,24.25,47227100,0.0,0
24.45,24.47,24.15,24.22,41488500,0.0,0
24.24,24.53,24.09,24.43,46464700,0.0,0
24.57,24.86,24.47,24.69,42440200,0.0,0
24.64,24.88,24.53,24.67,47739400,0.0,0
24.51,24.8,24.34,24.76,44206100,0.0,0
24.81,24.87,24.48,24.68,59238500,0.0,0
24.3,24.33,23.84,23.96,90470800,0.0,0
24.04,24.12,23.28,23.43,83374000,0.0,0
23.23,23.59,23.22,23.47,64414800,0.0,0
23.56,23.59,23.32,23.34,53320400,0.0,0
23.58,23.59,23.31,23.33,54084300,0.0,0
23.31,23.71,23.29,23.6,57790000,0.0,0
23.89,24.16,23.84,23.88,69464100,0.0,0
24.13,24.73,24.11,24.7,72047900,0.0,0
24.76,24.91,24.54,24.68,57131600,0.0,0
24.78,24.88,24.54,24.79,38070800,0.0,0
24.95,25.27,24.77,24.98,43401500,0.0,0
24.71,24.96,24.3,24.33,57871800,0.0,0
24.36,24.57,24.09,24.1,49841800,0.0,0
24.16,24.42,24.1,24.12,43291200,0.0,0
24.21,24.27,23.6,23.61,61112300,0.0,0
22.79,23.03,22.56,22.85,131689200,0.23,0
22.98,23.02,22.61,22.64,76086100,0.0,0
22.67,22.75,22.46,22.49,50955600,0.0,0
22.5,22.52,22.22,22.37,64083300,0.0,0
22.61,22.61,22.33,22.55,57179300,0.0,0
22.57,22.61,22.32,22.53,47070400,0.0,0
22.53,22.92,22.5,22.73,66360300,0.0,0
22.97,23.42,22.94,23.37,57845700,0.0,0
23.23,23.26,22.92,23.1,85198700,0.0,0
23.08,23.1,22.81,22.84,45018600,0.0,0
22.78,23.1,22.58,23.08,53018400,0.0,0
22.87,23.08,22.66,22.73,69551400,0.0,0
22.82,22.88,22.34,22.45,83690200,0.0,0
22.59,22.62,22.27,22.29,53173800,0.0,0
22.35,22.46,22.22,22.24,49777500,0.0,0
22.25,22.72,22.15,22.5,68283800,0.0,0
22.61,22.76,22.45,22.55,39182300,0.0,0
22.62,22.62,22.24,22.32,46162100,0.0,0
22.4,22.75,22.37,22.72,47031100,0.0,0
22.82,23.19,22.82,23.04,52282800,0.0,0
23.22,23.3,22.84,22.98,43966300,0.0,0
23.04,23.21,22.73,22.87,45080100,0.0,0
22.87,22.88,22.52,22.61,42077500,0.0,0
22.6,22.96,22.5,22.86,42046100,0.0,0
22.99,23.31,22.89,23.25,50486900,0.0,0
23.36,23.39,22.99,23.04,53519900,0.0,0
23.08,23.35,22.9,23.35,52607300,0.0,0
23.15,23.19,22.77,23.15,98776500,0.0,0
22.94,22.99,22.77,22.83,20842400,0.0,0
22.8,22.94,22.52,22.66,31631100,0.0,0
22.68,22.85,22.41,22.74,39394000,0.0,0
22.53,22.69,22.4,22.4,28239900,0.0,0
22.43,22.58,22.24,22.53,42749500,0.0,0
22.99,23.39,22.9,23.3,52899300,0.0,0
23.31,23.32,22.91,22.99,48294400,0.0,0
23.0,23.06,22.55,22.56,52521100,0.0,0
22.58,22.67,22.47,22.51,37110400,0.0,0
22.56,22.6,22.32,22.4,44703100,0.0,0
22.54,22.56,22.4,22.52,49047900,0.0,0
22.48,22.76,22.18,22.32,71431300,0.0,0
22.34,22.72,22.17,22.63,55512100,0.0,0
22.69,22.84,22.57,22.68,48324400,0.0,0
22.63,23.02,22.63,22.95,48244500,0.0,0
22.9,22.97,22.78,22.81,41077400,0.0,0
22.93,23.17,22.83,22.99,51685900,0.0,0
22.86,23.02,22.81,22.99,52167700,0.0,0
23.03,23.15,22.77,22.9,58650600,0.0,0
22.94,23.31,22.94,23.29,50387700,0.0,0
23.37,23.68,23.17,23.31,101739300,0.0,0
23.26,23.81,23.1,23.52,81847700,0.0,0
23.63,23.81,23.42,23.54,56056500,0.0,0
23.47,23.73,23.28,23.63,49242600,0.0,0
23.63,23.78,23.42,23.49,43580500,0.0,0
23.44,23.59,23.11,23.15,50530000,0.0,0
23.34,23.66,23.24,23.56,55565900,0.0,0
23.51,23.64,23.13,23.15,50540000,0.0,0
23.3,23.33,23.08,23.2,35410400,0.0,0
23.1,23.23,22.99,23.06,41889600,0.0,0
23.07,23.1,22.86,23.01,38028300,0.0,0
23.07,23.37,23.04,23.24,33318500,0.0,0
23.32,23.55,23.2,23.5,32247700,0.0,0
23.52,23.62,23.41,23.52,35990900,0.0,0
23.56,23.71,23.52,23.64,41715600,0.0,0
23.55,23.67,23.51,23.65,32663200,0.0,0
23.65,23.75,23.52,23.63,49650900,0.0,0
23.71,23.89,23.64,23.86,38781400,0.23,0
23.92,23.98,23.67,23.7,44110200,0.0,0
23.59,23.59,23.16,23.38,49078500,0.0,0
23.54,23.61,23.37,23.61,31425900,0.0,0
23.79,23.86,23.28,23.28,48011800,0.0,0
23.29,23.47,23.25,23.28,49923300,0.0,0
23.32,23.81,23.24,23.65,36394700,0.0,0
23.71,23.79,23.59,23.64,35840200,0.0,0
23.58,23.8,23.41,23.77,34849700,0.0,0
23.69,23.94,23.56,23.94,38157500,0.0,0
24.06,24.27,23.95,24.11,41432200,0.0,0
23.99,24.01,23.63,23.89,51448500,0.0,0
23.91,24.05,23.82,23.93,29196700,0.0,0
24.03,24.09,23.78,23.81,37667800,0.0,0
23.76,23.79,23.53,23.7,36627500,0.0,0
23.68,23.77,23.51,23.74,39255200,0.0,0
23.7,23.83,23.6,23.75,29093400,0.0,0
23.81,23.95,23.75,23.93,55914800,0.0,0
23.84,23.95,23.8,23.85,92710300,0.0,0
23.71,24.05,23.65,23.9,44809400,0.0,0
23.92,24.0,23.84,23.97,51901600,0.0,0
24.1,24.23,23.97,24.09,35447800,0.0,0
23.91,24.12,23.86,23.91,34233200,0.0,0
23.98,24.1,23.9,24.03,28720900,0.0,0
24.07,24.11,23.78,23.95,44154000,0.0,0
24.02,24.1,23.91,23.95,27824300,0.0,0
23.93,24.2,23.88,24.13,36047400,0.0,0
24.09,24.38,24.03,24.33,55453800,0.0,0
24.36,24.38,24.12,24.33,29201100,0.0,0
24.32,24.54,24.26,24.49,28456500,0.0,0
24.45,24.62,24.27,24.29,35062800,0.0,0
24.15,24.33,24.04,24.32,45263200,0.0,0
24.0,24.48,23.91,24.41,50927300,0.0,0
24.43,24.43,24.21,24.32,34759500,0.0,0
24.43,25.36,24.39,25.18,77733800,0.0,0
25.15,25.79,25.11,25.75,71116700,0.0,0
24.75,24.83,24.43,24.61,130923200,0.0,0
24.54,24.68,24.38,24.49,62886300,0.0,0
24.37,24.65,24.25,24.4,56332900,0.0,0
24.58,24.78,24.41,24.64,52797300,0.0,0
24.54,24.7,24.32,24.52,52840700,0.0,0
24.62,24.65,24.24,24.49,56906600,0.0,0
25.19,25.72,25.18,25.32,99790700,0.0,0
25.77,26.52,25.74,26.22,137904000,0.0,0
26.11,26.28,25.84,26.03,59126900,0.0,0
26.04,27.15,26.03,27.01,90946600,0.0,0
26.97,27.93,26.82,27.16,110700200,0.0,0
27.13,27.2,26.75,27.04,47799300,0.0,0
27.05,27.79,27.02,27.73,59116400,0.0,0
27.69,28.16,27.45,28.15,75165200,0.0,0
28.01,28.13,27.73,27.83,54330900,0.0,0
27.75,28.21,27.55,28.2,46059500,0.0,0
28.26,28.51,28.13,28.48,46784600,0.0,0
28.42,28.84,28.28,28.7,40978300,0.0,0
28.62,28.74,28.27,28.33,43078300,0.0,0
28.13,28.27,27.77,28.06,51595700,0.0,0
27.94,28.07,27.72,27.78,46417800,0.0,0
27.79,27.83,27.49,27.8,36394900,0.0,0
27.73,28.13,27.68,28.09,36027600,0.0,0
28.14,28.72,28.09,28.72,56870100,0.23,0
28.65,29.03,28.63,28.99,46303900,0.0,0
28.81,29.25,28.73,29.19,59382900,0.0,0
29.23,29.86,29.21,29.86,60666700,0.0,0
29.74,30.06,29.7,30.04,54020800,0.0,0
30.06,30.21,29.74,29.85,48702400,0.0,0
29.8,29.84,29.43,29.64,66047500,0.0,0
29.32,29.59,29.03,29.25,51102700,0.0,0
29.05,29.36,29.03,29.35,33174400,0.0,0
29.48,30.13,29.47,29.99,48212100,0.0,0
29.75,29.99,29.61,29.87,38412200,0.0,0
29.85,30.19,29.81,30.0,51131000,0.0,0
29.82,30.22,29.8,29.89,56165700,0.0,0
29.91,30.52,29.83,30.48,51252600,0.0,0
30.51,30.61,29.78,29.97,65529500,0.0,0
29.63,29.88,29.49,29.79,46025100,0.0,0
29.84,30.07,29.54,29.94,37618500,0.0,0
30.19,30.64,30.03,30.55,40757300,0.0,0
30.41,30.53,30.1,30.38,35994500,0.0,0
30.02,30.13,29.7,29.84,39435900,0.0,0
30.1,30.21,29.85,29.98,37372700,0.0,0
29.97,29.99,29.62,29.74,45654900,0.0,0
29.59,29.71,29.33,29.46,53192600,0.0,0
29.71,30.11,29.66,29.98,49670100,0.0,0
29.95,30.12,29.89,29.96,28616500,0.0,0
29.94,30.05,29.62,29.62,30816200,0.0,0
29.34,29.4,28.58,28.68,54493700,0.0,0
28.83,28.89,28.31,28.49,85338500,0.0,0
28.21,29.29,27.89,28.88,56109000,0.0,0
29.19,29.44,28.66,28.84,44073400,0.0,0
29.22,29.53,29.03,29.42,48665900,0.0,0
29.56,29.79,29.55,29.65,28993100,0.0,0
29.44,29.8,29.41,29.58,65545500,0.0,0
29.76,29.97,29.4,29.43,31055400,0.0,0
29.47,29.5,28.8,29.07,37630000,0.0,0
28.83,29.44,28.78,29.13,15994400,0.0,0
29.2,29.32,28.76,29.3,26085900,0.0,0
29.42,29.62,29.1,29.4,32396900,0.0,0
29.62,29.63,29.24,29.42,25318500,0.0,0
29.41,29.81,29.39,29.72,29658800,0.0,0
29.98,30.64,29.89,30.57,53638300,0.0,0
30.47,30.6,30.22,30.55,35501200,0.0,0
30.54,31.02,30.47,30.98,34142600,0.0,0
30.84,31.2,30.8,31.06,36378500,0.0,0
31.12,31.17,30.4,30.61,37285100,0.0,0
30.59,30.74,30.16,30.35,49547100,0.0,0
27.75,27.98,26.57,26.89,248428500,0.0,0
27.15,27.42,27.06,27.42,79040700,0.0,0
27.33,27.44,27.16,27.25,65810400,0.0,0
27.44,27.57,27.31,27.37,52803100,0.0,0
27.08,27.11,26.76,26.88,63213000,0.0,0
26.77,27.08,26.73,27.08,38633600,0.0,0
26.95,27.06,26.89,27.01,28870700,0.0,0
27.22,27.51,27.02,27.28,45799500,0.0,0
27.38,27.45,27.16,27.27,43898400,0.0,0
27.46,27.48,27.06,27.12,42557900,0.0,0
27.14,27.32,27.04,27.31,29199900,0.0,0
27.32,27.41,27.1,27.15,30984000,0.0,0
27.02,27.12,26.88,27.05,36331500,0.0,0
27.01,27.49,26.76,27.46,38078600,0.0,0
27.61,28.32,27.45,28.17,59034400,0.0,0
28.07,28.18,27.81,28.01,26800700,0.0,0
27.8,28.24,27.8,28.15,25493700,0.0,0
28.04,28.07,27.78,27.8,39464100,0.23,0
27.72,28.77,27.34,27.9,48519600,0.0,0
27.6,27.75,26.6,27.42,33338000,0.0,0
27.42,27.59,27.31,27.43,32866300,0.0,0
27.39,27.57,27.06,27.07,27902500,0.0,0
27.12,27.51,27.06,27.27,22979600,0.0,0
27.26,27.61,27.2,27.26,37409100,0.0,0
27.76,28.02,27.69,27.94,31169900,0.0,0
30.33,30.36,29.32,29.97,225493800,0.0,0
29.67,29.9,29.35,29.45,72786800,0.0,0
28.91,29.41,28.59,28.69,58522300,0.0,0
28.8,28.98,28.46,28.48,44257400,0.0,0
28.4,28.98,28.29,28.94,45284700,0.0,0
28.78,28.88,28.54,28.81,42790200,0.0,0
27.38,27.66,26.99,27.5,154507000,0.0,0
27.07,27.14,26.83,26.91,142320600,0.0,0
26.82,27.12,26.69,26.94,71644900,0.0,0
27.0,27.07,26.85,26.87,75434900,0.0,0
26.93,27.42,26.91,27.31,49628500,0.0,0
27.51,27.94,27.42,27.94,56881200,0.0,0
28.09,28.4,28.06,28.24,39087500,0.0,0
28.22,28.27,28.11,28.19,32860200,0.0,0
28.26,28.52,28.04,28.49,40899000,0.0,0
28.79,28.89,28.23,28.29,52839700,0.0,0
28.82,28.87,28.38,28.4,84716500,0.0,0
28.45,28.81,28.32,28.74,64099900,0.0,0
28.88,29.05,28.74,29.01,42026600,0.0,0
28.82,28.88,28.19,28.28,102904900,0.0,0
28.07,28.44,28.03,28.24,39826100,0.0,0
28.35,28.35,27.73,27.99,40685000,0.0,0
28.02,28.29,27.94,28.04,28907500,0.0,0
28.15,28.46,28.11,28.26,28504000,0.0,0
28.36,29.11,28.35,28.7,55348000,0.0,0
28.46,28.73,28.2,28.7,39839500,0.0,0
28.76,28.99,28.72,28.96,36718700,0.0,0
28.77,29.35,28.71,29.26,46946800,0.0,0
29.22,29.32,28.82,29.2,38703800,0.0,0
29.06,29.32,29.0,29.22,33008100,0.0,0
28.98,29.07,28.63,28.72,35069300,0.0,0
28.73,28.75,28.29,28.47,41017600,0.0,0
28.52,28.76,28.43,28.52,35878600,0.0,0
28.73,29.23,28.69,29.12,42875100,0.0,0
29.05,29.45,29.05,29.44,30033300,0.0,0
29.24,29.76,29.13,29.71,27757900,0.0,0
29.9,30.18,29.73,29.75,47097800,0.0,0
29.84,30.1,29.81,29.88,35111600,0.0,0
29.71,30.18,29.64,30.12,31359200,0.0,0
30.03,30.18,29.61,30.15,41811700,0.0,0
30.17,30.36,30.11,30.18,27433500,0.0,0
30.2,30.27,29.77,29.82,40438500,0.0,0
29.63,29.75,29.04,29.12,58600500,0.0,0
29.17,29.41,28.95,29.08,53209700,0.0,0
30.95,31.3,30.59,30.82,113494000,0.0,0
30.71,30.82,30.42,30.68,38383600,0.0,0
30.73,30.81,30.41,30.64,31702200,0.0,0
30.64,30.87,30.56,30.65,36997700,0.0,0
30.76,30.78,30.48,30.54,41682300,0.0,0
30.76,30.78,30.52,30.64,40264600,0.0,0
30.7,31.03,30.66,31.0,28060700,0.0,0
30.87,31.66,30.85,31.6,51681900,0.0,0
32.12,32.96,31.96,32.93,88948800,0.0,0
32.74,32.78,32.28,32.34,60437400,0.0,0
32.49,32.58,32.21,32.58,36737800,0.0,0
32.51,32.58,32.21,32.42,26872500,0.0,0
32.24,32.43,32.08,32.22,31651600,0.0,0
31.89,32.91,31.83,32.91,44957600,0.0,0
32.66,32.89,32.53,32.79,46183700,0.0,0
32.73,32.79,32.53,32.64,50601300,0.0,0
32.21,32.41,31.97,32.08,53277500,0.0,0
32.02,32.35,31.87,31.93,44275000,0.28,0
32.08,32.51,32.03,32.22,32229900,0.0,0
32.39,32.61,32.38,32.5,23064700,0.0,0
32.61,32.75,32.44,32.65,27982000,0.0,0
32.96,32.98,32.65,32.71,30646800,0.0,0
32.65,32.72,32.46,32.46,34465300,0.0,0
32.65,32.81,32.58,32.68,26002100,0.0,0
32.87,33.28,32.87,33.14,22090400,0.0,0
33.1,33.7,33.08,33.41,42950400,0.0,0
33.14,33.45,33.09,33.29,52109800,0.0,0
33.21,33.87,33.13,33.84,51983600,0.0,0
33.76,33.79,32.31,33.02,116305000,0.0,0
33.39,33.5,33.01,33.34,36457300,0.0,0
33.51,33.78,33.34,33.64,30286000,0.0,0
33.55,33.81,33.04,33.12,37828600,0.0,0
33.08,33.28,32.49,32.68,39853400,0.0,0
32.71,32.71,32.31,32.35,36012800,0.0,0
32.52,32.55,31.82,31.88,40066100,0.0,0
31.92,32.15,31.75,32.06,31734200,0.0,0
32.1,32.25,31.57,31.74,45687700,0.0,0
31.6,31.81,30.88,31.79,63192100,0.0,0
31.73,31.76,31.35,31.5,34160100,0.0,0
31.46,32.09,31.45,31.98,62649100,0.0,0
31.99,32.06,31.76,31.82,25128700,0.0,0
31.91,32.3,31.84,32.22,14243000,0.0,0
32.33,32.58,32.3,32.54,17612800,0.0,0
32.66,32.69,32.3,32.41,14563000,0.0,0
32.35,32.48,32.07,32.41,16290500,0.0,0
32.5,32.66,32.35,32.51,17503500,0.0,0
32.46,32.5,32.24,32.29,30632200,0.0,0
32.33,32.35,31.81,32.08,31134800,0.0,0
32.02,32.06,31.38,31.4,43603700,0.0,0
31.57,31.71,31.47,31.64,35802800,0.0,0
31.29,31.41,30.92,31.08,59971700,0.0,0
31.18,31.21,30.76,30.88,36516300,0.0,0
31.2,31.42,31.07,31.32,40548800,0.0,0
31.28,31.3,30.27,30.4,45901900,0.0,0
30.18,31.18,30.09,31.09,41623300,0.0,0
31.2,31.97,31.15,31.95,44812600,0.0,0
31.88,32.15,31.55,32.06,38018700,0.0,0
32.01,32.01,31.42,31.62,46267500,0.0,0
32.0,32.0,31.34,31.43,31567300,0.0,0
31.51,31.56,31.07,31.22,21904300,0.0,0
31.36,31.4,30.87,31.34,43954000,0.0,0
32.55,32.63,31.75,31.99,76395500,0.0,0
32.04,32.06,31.27,31.31,44420800,0.0,0
31.39,31.62,31.07,31.52,36205500,0.0,0
31.27,32.05,31.2,31.86,52745900,0.0,0
31.97,32.05,31.48,32.03,35036300,0.0,0
32.11,32.93,31.77,32.88,93162300,0.0,0
32.8,33.01,31.66,31.7,64063100,0.0,0
32.13,32.32,31.5,31.59,54697900,0.0,0
31.54,31.69,31.11,31.13,55814400,0.0,0
31.11,31.5,31.02,31.44,35351800,0.0,0
31.56,31.8,31.29,31.77,33260500,0.0,0
31.83,31.98,31.54,31.98,26767000,0.0,0
32.05,32.38,32.03,32.3,32141400,0.0,0
32.46,32.68,32.41,32.56,27051800,0.0,0
32.44,32.9,32.44,32.68,37635500,0.0,0
32.49,32.83,32.44,32.69,31407500,0.0,0
32.95,33.08,32.75,32.76,32834000,0.28,0
32.59,33.05,32.58,32.84,29750400,0.0,0
32.89,33.16,32.75,33.05,27526100,0.0,0
33.22,33.58,33.15,33.25,38021300,0.0,0
33.0,33.25,32.87,33.0,32085100,0.0,0
32.93,33.14,32.7,32.87,30736500,0.0,0
32.9,33.04,32.56,32.81,41041800,0.0,0
32.79,33.17,32.6,33.15,33903400,0.0,0
33.25,33.67,33.11,33.54,41215000,0.0,0
33.2,33.38,32.82,33.08,29717500,0.0,0
33.45,33.69,33.33,33.63,26802400,0.0,0
33.49,33.51,33.21,33.37,20520100,0.0,0
33.39,33.48,33.17,33.4,23582200,0.0,0
33.52,33.59,33.0,33.18,26591600,0.0,0
33.26,33.28,33.03,33.11,19006600,0.0,0
33.16,33.47,33.03,33.29,25216400,0.0,0
33.1,33.65,33.09,33.51,30494100,0.0,0
33.64,33.66,32.96,33.17,32169700,0.0,0
32.96,33.39,32.84,33.01,27195600,0.0,0
33.18,33.63,33.09,33.31,20479600,0.0,0
33.5,34.93,33.46,34.63,64063900,0.0,0
34.56,34.63,34.07,34.38,35597200,0.0,0
34.37,35.59,34.36,35.31,59269800,0.0,0
35.65,35.84,35.03,35.16,80721800,0.0,0
35.32,35.58,34.9,35.46,46098400,0.0,0
35.6,35.89,34.99,35.32,43193100,0.0,0
35.44,35.64,34.67,34.84,41977500,0.0,0
34.79,35.0,34.44,34.46,35369200,0.0,0
34.84,35.58,34.74,35.28,43472700,0.0,0
35.4,36.34,35.37,35.89,46886300,0.0,0
36.03,36.41,35.96,36.27,32605000,0.0,0
36.28,36.48,36.05,36.2,28666700,0.0,0
36.15,36.15,35.64,35.91,30139600,0.0,0
36.12,36.24,34.71,34.91,51409600,0.0,0
34.99,35.26,34.79,34.85,37559600,0.0,0
34.8,34.96,34.32,34.86,35918600,0.0,0
34.96,35.5,34.92,35.43,27398700,0.0,0
35.41,35.63,34.23,34.46,45960800,0.0,0
34.15,34.84,34.15,34.33,34330200,0.0,0
34.24,34.51,34.06,34.3,32006600,0.0,0
34.44,34.99,34.19,34.8,33968700,0.0,0
35.07,35.39,34.94,35.37,30615800,0.0,0
35.03,35.2,34.59,35.03,36688400,0.0,0
35.14,35.15,34.84,34.97,22221200,0.0,0
34.99,35.14,34.87,35.01,27056700,0.0,0
35.01,35.01,34.56,34.75,24602800,0.0,0
34.79,35.0,34.41,34.9,42381600,0.0,0
35.28,35.62,34.8,34.94,56876800,0.0,0
35.14,36.15,35.1,35.78,50610200,0.0,0
35.98,36.06,35.36,35.47,29636200,0.0,0
35.37,35.46,35.17,35.37,35458700,0.0,0
35.23,35.34,34.98,35.02,28787400,0.0,0
35.29,35.32,34.72,34.75,43416600,0.0,0
34.6,34.71,34.41,34.52,22460900,0.0,0
34.4,34.45,34.1,34.2,27112400,0.0,0
34.34,34.59,33.72,34.51,41744500,0.0,0
34.44,34.93,34.12,34.71,32120400,0.0,0
34.62,34.89,34.47,34.62,29647600,0.0,0
34.79,35.04,34.72,35.0,22782600,0.0,0
35.2,35.71,35.14,35.64,27004800,0.28,0
35.53,35.67,35.31,35.48,18818700,0.0,0
35.35,35.62,34.84,34.92,37793200,0.0,0
34.98,35.13,34.63,35.12,29867100,0.0,0
34.93,35.11,34.79,35.05,24537400,0.0,0
34.99,35.22,34.79,34.99,21320900,0.0,0
35.09,35.58,35.04,35.58,22398700,0.0,0
35.52,35.58,35.14,35.36,20201800,0.0,0
35.6,35.6,35.27,35.37,18020000,0.0,0
35.5,35.5,35.1,35.44,26160600,0.0,0
35.39,35.44,35.11,35.28,25711500,0.0,0
35.4,35.58,35.19,35.57,19888200,0.0,0
35.67,36.12,35.49,36.1,34567600,0.0,0
36.11,36.23,35.87,35.97,18504300,0.0,0
35.8,35.87,35.49,35.52,18068900,0.0,0
35.45,35.6,35.15,35.55,23209000,0.0,0
35.79,36.37,35.62,36.34,31865200,0.0,0
36.57,36.73,36.36,36.57,24060500,0.0,0
36.49,36.57,36.17,36.39,15019200,0.0,0
36.18,36.29,36.03,36.25,15117700,0.0,0
36.09,36.21,35.95,36.03,18040000,0.0,0
35.98,36.04,35.52,35.78,29818900,0.0,0
36.24,36.65,36.03,36.35,26310000,0.0,0
36.19,36.69,36.19,36.59,24205300,0.0,0
36.41,36.95,35.57,36.75,22518600,0.0,0
36.69,36.8,36.31,36.72,27097000,0.0,0
36.65,36.83,36.44,36.6,19828200,0.0,0
36.55,36.88,36.49,36.75,47764900,0.0,0
36.79,37.03,36.76,37.02,18743900,0.0,0
36.88,36.98,36.64,36.81,26509100,0.0,0
36.77,37.08,36.56,37.06,20049100,0.0,0
36.97,36.98,36.53,36.79,23604400,0.0,0
36.69,37.29,36.6,37.25,74640000,0.0,0
37.18,37.22,36.77,36.77,30793100,0.0,0
36.91,37.16,36.76,36.92,26917000,0.0,0
36.79,36.94,36.62,36.94,20208100,0.0,0
36.95,37.02,36.64,36.86,15969300,0.0,0
36.81,37.14,36.78,37.02,21952400,0.0,0
36.92,37.03,36.69,36.84,31218200,0.0,0
37.01,37.02,36.62,36.74,18445900,0.0,0
36.48,37.03,36.19,36.76,21854700,0.0,0
36.77,37.11,36.57,37.11,24083000,0.0,0
37.23,37.43,37.07,37.16,21881100,0.0,0
37.32,37.45,37.06,37.43,28748700,0.0,0
37.48,39.07,37.46,38.87,63318000,0.0,0
40.07,40.3,39.02,39.26,82180300,0.0,0
39.37,39.54,39.02,39.4,43407500,0.0,0
39.29,39.82,38.99,39.54,37604400,0.0,0
39.68,39.81,39.32,39.53,43095800,0.0,0
40.07,40.07,39.34,39.56,52362900,0.0,0
39.62,39.68,39.08,39.15,30725300,0.0,0
39.06,39.38,39.06,39.24,26737700,0.0,0
39.11,39.25,38.73,38.77,29684200,0.0,0
38.72,38.88,38.48,38.7,27763100,0.0,0
38.86,38.88,38.17,38.43,31921400,0.0,0
38.25,38.52,37.98,38.06,31537500,0.0,0
38.1,38.13,37.56,37.79,31170300,0.0,0
37.89,38.33,37.75,38.24,34277400,0.0,0
38.19,38.32,37.76,37.98,26266400,0.0,0
37.68,38.06,37.22,37.68,24634000,0.0,0
37.77,38.31,37.61,38.12,30314900,0.0,0
38.12,38.2,37.83,38.09,28942700,0.0,0
38.14,38.31,37.93,38.09,20351600,0.0,0
37.95,38.43,37.91,38.37,21431100,0.0,0
38.51,38.95,38.37,38.87,22889500,0.0,0
38.87,39.17,38.8,39.03,19313200,0.0,0
39.31,39.59,39.15,39.49,41611300,0.0,0
39.62,39.77,39.4,39.77,26891100,0.0,0
39.9,40.23,39.77,40.22,28139500,0.28,0
40.23,40.28,39.84,39.88,24770500,0.0,0
39.78,40.15,39.77,40.12,22285500,0.0,0
40.24,40.34,39.99,40.06,18294500,0.0,0
40.28,40.32,39.96,40.08,16910000,0.0,0
40.2,40.28,39.87,39.93,14873100,0.0,0
39.84,39.93,39.71,39.81,21287900,0.0,0
39.7,39.91,39.58,39.82,17657600,0.0,0
40.01,40.32,39.8,40.31,21607600,0.0,0
40.31,40.33,39.79,40.01,22976800,0.0,0
39.51,40.02,39.51,39.89,33684500,0.0,0
39.69,40.16,39.68,40.16,26475500,0.0,0
40.02,40.75,40.02,40.73,36939400,0.0,0
40.83,41.52,40.8,41.23,45736700,0.0,0
41.23,41.67,41.19,41.49,40302400,0.0,0
41.54,41.65,41.06,41.56,27302400,0.0,0
41.47,41.7,41.23,41.7,29216400,0.0,0
41.62,41.72,41.34,41.43,38244700,0.0,0
41.29,41.44,40.9,41.03,37667600,0.0,0
41.16,41.57,41.07,41.49,27910600,0.0,0
41.04,41.42,41.02,41.27,38311900,0.0,0
41.34,41.55,41.22,41.42,35556600,0.0,0
41.53,42.21,41.34,42.16,202522400,0.0,0
41.97,42.04,41.68,41.75,38686100,0.0,0
41.57,41.68,41.23,41.31,33430300,0.0,0
41.37,41.8,41.11,41.77,26582700,0.0,0
41.59,41.78,40.84,40.85,33077400,0.0,0
40.75,41.36,40.6,41.18,27078800,0.0,0
40.79,41.31,40.6,41.2,26091000,0.0,0
41.14,41.24,40.82,41.13,33033100,0.0,0
41.05,41.28,40.68,40.72,38088400,0.0,0
40.66,40.9,40.49,40.6,25119400,0.0,0
40.79,41.08,40.47,40.89,32453200,0.0,0
40.92,41.08,40.74,40.89,20604000,0.0,0
40.69,40.75,40.3,40.4,25723700,0.0,0
40.35,41.6,40.23,41.5,33031000,0.0,0
41.26,41.52,40.58,40.68,34422800,0.0,0
40.46,40.92,38.99,39.06,51978100,0.0,0
38.88,39.53,38.59,38.73,37100200,0.0,0
38.92,39.38,38.65,38.8,38115700,0.0,0
38.15,38.5,37.35,38.35,60218700,0.0,0
37.73,38.22,37.46,37.92,49040400,0.0,0
38.33,38.98,37.96,38.71,40683300,0.0,0
38.2,39.16,37.98,39.11,34527900,0.0,0
39.36,39.91,39.21,39.82,36433800,0.0,0
39.93,39.99,39.24,39.38,33570900,0.0,0
39.59,40.32,39.51,39.94,45451900,0.0,0
41.55,41.61,40.09,40.93,61076700,0.0,0
40.56,40.9,40.56,40.73,30371300,0.0,0
40.69,41.26,40.61,41.25,29049800,0.0,0
41.2,41.43,41.11,41.36,30276100,0.0,0
41.1,41.1,40.61,40.86,30073900,0.0,0
41.65,41.67,41.24,41.66,35849700,0.0,0
41.6,42.11,41.46,42.09,23130400,0.0,0
41.97,42.35,41.92,42.21,21530800,0.0,0
42.41,42.5,41.93,42.46,22449600,0.0,0
42.46,43.35,42.4,43.21,33037800,0.0,0
43.4,43.4,42.84,43.19,28000600,0.0,0
43.16,43.61,43.08,43.38,36370100,0.0,0
43.34,43.43,43.16,43.36,23445200,0.0,0
43.08,43.4,43.05,43.28,22722100,0.0,0
43.31,44.05,43.22,44.02,26210400,0.0,0
44.13,44.41,43.82,43.99,29081700,0.0,0
43.84,44.1,43.6,43.88,30318600,0.0,0
43.86,44.04,43.48,43.52,23995500,0.31,0
43.44,43.53,42.79,43.05,26177500,0.0,0
42.86,43.48,42.74,43.48,21510600,0.0,0
43.77,43.79,42.47,42.84,42884800,0.0,0
42.85,42.86,42.31,42.49,35434200,0.0,0
42.55,42.83,42.36,42.38,28008000,0.0,0
42.4,42.85,42.21,42.63,27163600,0.0,0
42.81,43.03,42.51,42.69,21534400,0.0,0
42.75,43.55,42.6,43.41,31191600,0.0,0
43.61,43.79,43.03,43.27,25773500,0.0,0
43.25,43.3,42.69,42.93,23534800,0.0,0
43.2,43.8,43.03,43.61,30320400,0.0,0
43.59,43.72,43.19,43.23,27313400,0.0,0
43.09,43.17,42.36,42.59,26663100,0.0,0
42.06,42.78,42.01,42.49,24330500,0.0,0
42.48,42.55,41.69,41.87,30431800,0.0,0
42.03,42.62,41.68,42.11,29060400,0.0,0
41.77,42.61,41.67,41.92,34248400,0.0,0
42.14,42.56,41.56,41.67,29247800,0.0,0
40.98,41.37,40.29,40.32,47801400,0.0,0
40.22,41.03,40.09,40.84,34970900,0.0,0
41.59,42.43,41.37,42.43,40105600,0.0,0
42.53,42.94,42.11,42.55,64551200,0.0,0
42.66,42.96,42.6,42.84,26566000,0.0,0
43.19,43.57,42.97,43.26,23648100,0.0,0
43.43,43.43,42.93,42.98,11437800,0.0,0
43.22,43.22,42.69,42.75,13197800,0.0,0
42.59,42.66,42.19,42.36,14439500,0.0,0
42.36,42.52,41.82,41.98,16384700,0.0,0
41.72,42.36,41.47,41.47,21552500,0.0,0
41.66,42.34,41.55,41.75,27913900,0.0,0
41.4,41.72,41.29,41.36,39673900,0.0,0
41.41,41.74,40.66,40.76,36447900,0.0,0
41.05,41.48,40.61,41.28,29114100,0.0,0
41.74,42.63,41.71,42.49,29645200,0.0,0
42.51,42.69,41.87,42.13,23944200,0.0,0
42.34,42.44,41.39,41.61,23651900,0.0,0
41.94,42.78,41.12,41.39,35270600,0.0,0
41.03,41.28,40.73,41.03,29719600,0.0,0
41.27,41.41,40.54,40.61,32750800,0.0,0
40.45,41.32,40.33,41.28,35695300,0.0,0
41.34,41.65,40.69,41.42,36161900,0.0,0
41.02,41.2,40.61,41.0,39081100,0.0,0
41.41,42.09,41.14,42.08,35898000,0.0,0
42.28,42.31,41.78,42.12,26211600,0.0,0
41.96,42.08,41.28,41.97,42525500,0.0,0
38.35,38.57,37.6,38.09,169164000,0.0,0
38.16,38.2,36.75,36.78,84507100,0.0,0
36.54,37.61,36.42,37.51,63585300,0.0,0
37.1,37.12,36.03,36.07,78004900,0.0,0
36.24,36.94,35.92,36.86,50352500,0.0,0
37.17,37.44,36.65,37.14,52082400,0.0,0
37.45,37.69,36.93,37.36,41614800,0.0,0
37.7,38.07,37.37,37.9,36548200,0.0,0
38.11,38.2,37.63,37.86,34616600,0.0,0
37.71,38.16,37.69,37.82,31381100,0.0,0
38.16,38.19,37.66,38.03,29670700,0.0,0
38.08,38.08,37.69,37.84,38262500,0.0,0
38.09,38.47,37.95,38.47,33268800,0.0,0
38.73,39.17,38.53,39.17,40264900,0.0,0
39.54,39.56,38.84,39.19,33695700,0.31,0
39.23,39.29,39.02,39.14,27111700,0.0,0
38.83,39.14,38.71,39.11,27603400,0.0,0
39.12,39.46,38.93,39.44,29721100,0.0,0
39.29,39.73,39.25,39.7,32518800,0.0,0
39.7,39.83,39.49,39.64,25271700,0.0,0
39.52,39.64,39.38,39.55,29759800,0.0,0
39.55,39.77,39.47,39.62,28957300,0.0,0
39.68,39.74,39.26,39.43,33807700,0.0,0
39.27,39.73,39.16,39.46,31924000,0.0,0
39.17,39.41,38.75,38.92,31748600,0.0,0
38.67,38.85,38.56,38.72,25748700,0.0,0
38.73,38.88,38.5,38.76,23193500,0.0,0
38.66,38.76,37.9,38.09,36248800,0.0,0
37.94,38.78,37.94,38.53,32108000,0.0,0
38.08,38.4,37.79,37.79,39159700,0.0,0
38.04,38.1,37.62,37.75,32215300,0.0,0
37.16,37.45,36.74,36.88,59992500,0.0,0
36.6,37.29,36.52,37.21,58007700,0.0,0
37.29,37.44,37.12,37.37,35273500,0.0,0
37.2,37.61,37.0,37.5,31673400,0.0,0
37.25,38.51,37.16,38.22,44194800,0.0,0
38.0,38.3,37.96,38.03,33879100,0.0,0
38.27,38.65,38.21,38.56,71904500,0.0,0
38.56,38.78,38.47,38.54,26246100,0.0,0
38.47,38.82,38.44,38.57,25513300,0.0,0
38.59,38.6,37.26,37.28,43469900,0.0,0
37.06,37.41,36.79,37.06,37495600,0.0,0
36.97,37.25,36.71,36.84,34401400,0.0,0
36.96,37.35,36.79,36.83,35049700,0.0,0
36.67,36.89,36.45,36.56,34887200,0.0,0
36.51,36.65,36.25,36.61,36865300,0.0,0
36.56,36.63,36.08,36.23,37487500,0.0,0
36.27,37.57,36.13,37.36,39223700,0.0,0
37.41,37.68,37.15,37.34,28809400,0.0,0
37.28,37.49,36.9,37.24,24753400,0.0,0
37.09,37.42,37.09,37.3,25723900,0.0,0
37.43,37.72,37.24,37.51,28022000,0.0,0
37.23,37.82,37.22,37.55,30276700,0.0,0
37.59,37.79,37.22,37.45,24244400,0.0,0
37.55,38.18,37.48,38.0,27343600,0.0,0
37.72,38.07,37.6,37.91,22509700,0.0,0
37.47,37.53,37.01,37.42,42387600,0.0,0
37.52,38.82,37.48,38.58,46057700,0.0,0
38.66,38.8,38.24,38.34,26013800,0.0,0
38.37,38.78,38.26,38.66,25064300,0.0,0
38.57,39.21,38.48,38.97,46309500,0.0,0
41.06,43.29,41.05,43.04,130933700,0.0,0
42.47,43.28,42.46,43.19,59248200,0.0,0
42.96,44.25,42.89,44.2,60730800,0.0,0
43.81,44.34,43.61,44.11,47804600,0.0,0
43.79,44.55,43.7,43.74,64725500,0.0,0
43.68,43.95,43.52,43.75,38937300,0.0,0
43.49,43.94,43.32,43.38,34039500,0.0,0
43.0,43.3,42.54,42.8,50369200,0.0,0
42.77,42.95,41.38,41.61,52433000,0.0,0
41.61,42.34,41.51,41.99,32971700,0.0,0
42.76,43.14,42.73,42.94,35364900,0.0,0
42.76,43.08,42.59,42.59,24609400,0.0,0
42.13,42.87,41.74,42.58,29928300,0.0,0
43.33,43.45,42.77,42.83,34184600,0.0,0
43.19,43.9,43.19,43.81,32980900,0.0,0
43.94,43.98,43.21,43.43,28642700,0.0,0
43.14,43.36,42.81,43.17,24136500,0.0,0
43.04,43.27,42.7,43.06,28574800,0.31,0
42.89,43.38,42.78,43.06,25047900,0.0,0
42.79,43.08,42.55,42.92,22410700,0.0,0
42.81,42.85,42.37,42.45,25720600,0.0,0
42.38,42.43,41.8,42.17,29581900,0.0,0
42.37,43.23,42.19,43.09,27335600,0.0,0
42.99,43.46,42.89,42.94,19283700,0.0,0
42.93,43.05,42.17,42.41,36519600,0.0,0
42.59,43.23,42.19,42.74,28837300,0.0,0
42.47,42.85,42.19,42.46,21498300,0.0,0
42.87,43.21,42.37,42.4,28002200,0.0,0
42.35,42.68,41.81,41.96,27745500,0.0,0
41.91,42.1,41.49,41.76,25438100,0.0,0
41.9,42.02,41.33,41.39,22121600,0.0,0
41.41,41.58,41.14,41.31,24406100,0.0,0
41.44,42.38,41.35,42.18,28417400,0.0,0
42.23,42.46,41.75,42.03,27347800,0.0,0
41.83,42.06,41.54,41.6,23931000,0.0,0
41.13,41.31,40.74,41.16,33254500,0.0,0
41.04,41.85,41.0,41.48,27070300,0.0,0
41.39,41.69,41.05,41.6,28704100,0.0,0
41.83,42.36,41.78,42.28,32658300,0.0,0
42.35,42.38,41.62,41.72,63837000,0.0,0
41.93,42.28,41.78,41.84,20318100,0.0,0
41.75,41.88,41.29,41.55,25896500,0.0,0
41.33,41.86,41.22,41.31,34890900,0.0,0
41.66,41.69,41.18,41.31,20616000,0.0,0
41.31,41.88,40.75,40.96,49835300,0.0,0
40.76,40.93,40.15,40.16,34081700,0.0,0
40.46,40.47,39.77,39.96,35945400,0.0,0
40.24,40.93,39.91,40.23,28343900,0.0,0
40.26,40.5,39.88,40.18,21752000,0.0,0
39.78,40.26,39.78,40.17,23034000,0.0,0
40.13,40.26,39.21,40.09,36435800,0.0,0
40.22,40.64,39.85,40.04,39785900,0.0,0
40.5,40.93,40.27,40.29,32424700,0.0,0
40.74,40.85,40.34,40.37,25465800,0.0,0
40.71,41.29,40.68,41.21,28178300,0.0,0
41.13,41.59,41.01,41.29,22880300,0.0,0
41.34,41.53,41.12,41.41,26629600,0.0,0
41.64,42.26,41.6,42.23,26271700,0.0,0
42.13,42.34,41.87,42.19,29467100,0.0,0
42.22,42.65,42.03,42.46,30631900,0.0,0
42.34,42.83,42.07,42.79,42781900,0.0,0
41.12,42.47,40.91,41.21,59152400,0.0,0
40.97,41.84,40.82,41.73,33934000,0.0,0
41.55,41.92,41.45,41.58,32333200,0.0,0
41.58,41.64,40.95,41.04,39701400,0.0,0
41.25,41.31,40.54,41.03,34328900,0.0,0
41.09,42.34,40.96,41.89,40945900,0.0,0
41.87,42.9,41.57,42.43,39777900,0.0,0
42.8,42.87,42.08,42.26,31201500,0.0,0
42.52,42.54,42.04,42.36,24125900,0.0,0
42.31,43.18,42.25,43.02,33403900,0.0,0
43.42,43.81,43.02,43.06,26959700,0.0,0
43.18,43.23,41.93,42.19,27368000,0.0,0
41.98,42.34,41.87,42.3,19163000,0.0,0
42.49,42.98,42.39,42.83,23079900,0.0,0
42.37,42.48,41.54,42.0,29237400,0.0,0
41.8,42.45,41.37,42.3,30181400,0.0,0
42.59,42.63,42.07,42.29,22627200,0.0,0
42.11,42.63,42.1,42.54,21473400,0.0,0
42.36,42.94,42.15,42.83,21099700,0.0,0
42.67,43.21,42.54,43.06,23574100,0.31,0
42.62,42.89,42.18,42.46,31485500,0.0,0
41.97,42.33,41.6,41.6,36238200,0.0,0
41.27,41.43,39.24,39.24,70053100,0.0,0
36.85,38.89,36.18,37.97,88753700,0.0,0
38.78,39.39,36.79,36.87,70616600,0.0,0
38.27,39.03,37.41,38.91,63408000,0.0,0
39.38,40.04,39.11,39.99,50943200,0.0,0
39.54,40.22,39.53,40.02,28246700,0.0,0
39.68,40.02,39.26,39.65,34441700,0.0,0
38.42,38.8,37.95,38.1,49688900,0.0,0
38.59,39.52,38.15,39.5,37671500,0.0,0
39.55,40.07,39.43,39.63,28285200,0.0,0
39.0,39.21,38.44,38.82,37138800,0.0,0
39.45,40.08,39.35,39.98,32469800,0.0,0
40.27,40.45,39.09,39.24,33469500,0.0,0
39.28,39.89,38.94,39.44,31366600,0.0,0
39.3,39.71,39.12,39.61,27132500,0.0,0
39.56,39.57,39.05,39.21,23656000,0.0,0
39.35,40.35,39.25,40.07,28882200,0.0,0
40.06,40.43,39.94,40.36,23372200,0.0,0
40.35,40.99,40.16,40.31,32768200,0.0,0
39.63,40.07,39.47,39.61,63143700,0.0,0
39.74,40.51,39.72,40.18,26177200,0.0,0
39.52,40.13,39.46,39.99,28085900,0.0,0
40.02,40.24,39.64,39.97,17145200,0.0,0
39.58,40.2,39.42,40.0,27905600,0.0,0
40.52,40.75,39.87,40.03,29384600,0.0,0
39.93,40.17,39.36,39.44,27613800,0.0,0
39.51,39.69,39.22,39.57,32763600,0.0,0
39.97,40.36,39.77,40.32,34958900,0.0,0
40.77,40.77,39.86,40.64,28657900,0.0,0
40.33,41.51,40.01,41.51,41839000,0.0,0
41.68,42.72,41.63,42.48,34369300,0.0,0
42.21,42.98,42.11,42.59,27017200,0.0,0
42.91,43.14,41.86,42.63,27711500,0.0,0
42.42,43.29,42.36,43.23,33772700,0.0,0
43.23,43.31,42.74,42.92,28600600,0.0,0
42.8,42.88,42.36,42.82,19769100,0.0,0
42.42,42.94,42.42,42.72,19987800,0.0,0
42.5,42.91,42.39,42.53,24697800,0.0,0
42.83,42.84,42.39,42.83,27189400,0.0,0
42.83,43.31,42.73,43.28,26450300,0.0,0
43.2,43.62,42.83,43.38,29387600,0.0,0
43.22,43.55,42.83,43.52,30802200,0.0,0
43.65,43.72,42.92,43.0,25144300,0.0,0
43.3,44.59,42.9,43.75,56637100,0.0,0
47.64,49.26,47.6,48.16,135227100,0.0,0
47.85,49.49,47.83,49.42,64633300,0.0,0
49.18,49.53,48.81,48.91,50999900,0.0,0
48.77,49.18,48.16,49.18,47000800,0.0,0
48.77,49.04,48.48,48.61,30202100,0.0,0
48.57,49.18,47.94,47.95,46619800,0.0,0
48.15,48.61,47.94,48.5,30285000,0.0,0
48.22,49.55,48.19,49.33,36596900,0.0,0
49.36,50.0,49.25,49.56,37087800,0.0,0
49.64,49.83,49.19,49.54,31468500,0.0,0
49.28,50.09,49.16,50.03,32851200,0.0,0
49.69,49.99,48.79,49.34,32513100,0.0,0
49.26,49.31,48.53,48.75,55283700,0.0,0
48.92,49.38,48.7,48.87,36516300,0.0,0
48.72,49.18,48.46,48.57,35361100,0.0,0
48.35,48.55,47.85,48.14,36848200,0.0,0
48.36,49.09,48.15,48.98,32165200,0.0,0
48.76,49.09,48.47,48.58,31551300,0.36,0
48.61,49.51,48.59,49.39,29710000,0.0,0
49.52,50.13,49.32,49.47,28149200,0.0,0
49.75,49.8,48.86,49.7,37147600,0.0,0
49.75,49.95,49.3,49.7,28235900,0.0,0
49.45,49.93,49.14,49.75,24600000,0.0,0
49.61,49.74,49.24,49.24,21005100,0.0,0
49.34,49.6,49.33,49.46,9009100,0.0,0
50.02,50.41,49.53,49.85,56241400,0.0,0
49.9,50.65,49.8,50.64,39952800,0.0,0
50.74,51.32,50.5,50.63,47274900,0.0,0
50.89,51.15,49.46,49.71,38627800,0.0,0
49.64,51.57,49.62,51.28,43963700,0.0,0
51.17,51.33,50.71,51.19,30709800,0.0,0
50.87,51.45,50.43,51.17,32878000,0.0,0
50.78,51.24,49.99,50.42,36373200,0.0,0
50.8,51.05,50.45,50.69,31775800,0.0,0
50.18,50.53,49.53,49.58,39549500,0.0,0
49.83,50.63,49.23,50.57,46768900,0.0,0
51.05,51.27,50.52,50.63,39843000,0.0,0
50.94,51.59,50.22,51.48,37503300,0.0,0
51.69,52.08,50.93,51.08,41280900,0.0,0
51.15,51.36,49.55,49.64,84684200,0.0,0
50.33,50.76,49.74,50.29,37246300,0.0,0
50.43,50.88,49.98,50.76,28322200,0.0,0
51.08,51.25,50.85,51.19,27279800,0.0,0
51.23,51.32,50.84,51.06,9558500,0.0,0
50.76,51.31,50.42,51.31,22458300,0.0,0
51.63,52.14,51.41,51.86,27731400,0.0,0
51.79,52.07,51.63,51.64,21704500,0.0,0
51.4,51.53,50.83,50.88,27334100,0.0,0
49.82,50.26,48.97,50.26,53778000,0.0,0
50.38,50.8,50.02,50.49,34079700,0.0,0
49.82,49.89,49.19,49.57,39518900,0.0,0
48.33,49.06,47.76,47.85,56564900,0.0,0
48.03,48.86,47.83,47.99,48754000,0.0,0
48.16,48.47,47.2,47.97,36943800,0.0,0
48.39,48.7,47.75,48.41,36095500,0.0,0
49.34,49.59,47.05,47.36,66883600,0.0,0
47.69,48.99,47.3,48.71,52381900,0.0,0
47.06,47.66,46.17,46.76,71820700,0.0,0
47.21,47.4,45.91,46.37,43564500,0.0,0
45.84,47.12,45.03,46.58,63273000,0.0,0
46.77,47.31,46.13,46.3,40191200,0.0,0
47.15,47.99,47.01,47.96,37555800,0.0,0
47.64,48.29,47.37,47.5,34707700,0.0,0
47.5,48.09,47.28,47.85,28900800,0.0,0
47.7,47.87,46.79,46.98,36775200,0.0,0
47.56,47.88,47.0,47.75,62513800,0.0,0
50.19,50.52,49.53,50.52,83611700,0.0,0
50.33,50.52,49.98,50.18,44208500,0.0,0
49.68,49.76,48.29,48.61,56313800,0.0,0
48.84,48.97,47.01,47.84,57559800,0.0,0
47.78,48.43,47.11,47.69,46987100,0.0,0
47.64,47.69,45.45,46.0,62009000,0.0,0
45.44,45.46,44.2,45.32,59290500,0.0,0
44.96,46.08,44.64,45.2,46740500,0.0,0
45.76,46.21,45.42,45.59,38237000,0.0,0
44.65,45.96,44.49,45.57,48878600,0.0,0
46.09,46.48,45.63,46.32,34243300,0.0,0
47.02,47.19,46.31,47.19,37291200,0.36,0
47.56,48.74,47.53,48.42,40789000,0.0,0
48.34,48.91,48.13,48.21,27176000,0.0,0
48.01,48.29,47.6,47.87,33559100,0.0,0
48.29,48.96,48.29,48.63,25008300,0.0,0
48.35,48.38,47.09,47.28,28895300,0.0,0
46.82,47.57,46.37,47.44,33014500,0.0,0
47.78,48.13,46.75,48.13,26939500,0.0,0
48.59,48.66,47.2,47.39,35975900,0.0,0
47.43,47.71,46.8,47.0,31654000,0.0,0
47.08,48.58,47.04,48.57,33024500,0.0,0
48.41,48.92,48.18,48.91,29289900,0.0,0
48.93,48.93,47.83,48.36,24427800,0.0,0
48.4,48.45,47.77,48.06,33034200,0.0,0
47.63,47.85,46.72,47.14,38407800,0.0,0
46.92,48.15,46.74,47.71,33835100,0.0,0
47.93,48.82,47.9,48.81,28251600,0.0,0
48.89,48.9,47.26,48.08,38387800,0.0,0
48.96,49.02,48.38,49.02,32275700,0.0,0
48.69,49.5,48.62,49.11,24083600,0.0,0
48.73,49.5,48.72,49.5,21104800,0.0,0
49.37,50.43,49.33,50.2,31691700,0.0,0
50.07,50.8,49.88,50.49,28223900,0.0,0
50.73,50.78,49.37,49.41,67625500,0.0,0
49.19,49.82,48.89,49.75,23925700,0.0,0
49.52,50.11,49.38,49.95,23124100,0.0,0
49.98,50.1,49.64,49.85,20129000,0.0,0
49.73,50.19,49.63,50.07,19950000,0.0,0
50.07,50.15,49.26,49.46,17025100,0.0,0
49.57,50.68,49.37,50.54,23924300,0.0,0
50.74,51.4,50.71,50.85,23008300,0.0,0
50.76,51.35,50.68,51.02,26360500,0.0,0
50.85,51.37,50.41,51.33,24399200,0.0,0
51.2,51.41,50.8,51.2,18928800,0.0,0
50.98,51.08,50.31,50.4,19272300,0.0,0
50.21,50.99,50.07,50.92,21188700,0.0,0
50.68,50.72,50.09,50.31,19225100,0.0,0
50.5,51.06,50.18,50.27,22167200,0.0,0
50.33,50.94,50.16,50.17,21414200,0.0,0
50.22,50.6,49.66,50.48,24944300,0.0,0
50.92,51.21,50.7,51.13,20818000,0.0,0
51.01,51.34,50.87,51.14,20877100,0.0,0
51.08,51.65,50.91,51.4,28793800,0.0,0
51.26,52.27,51.0,52.15,23786000,0.0,0
52.31,52.44,51.43,52.09,29596800,0.0,0
52.0,52.19,51.26,51.35,36195700,0.0,0
51.54,51.94,51.19,51.52,38909100,0.0,0
47.95,48.43,46.9,47.83,126834100,0.0,0
47.83,48.15,47.69,48.13,33226900,0.0,0
48.27,48.36,47.19,47.52,33532600,0.0,0
47.55,47.57,46.69,47.05,43369300,0.0,0
46.76,46.9,45.78,46.09,43134800,0.0,0
45.59,46.42,45.59,46.07,48411700,0.0,0
46.19,46.88,45.98,46.75,33114500,0.0,0
46.5,46.56,45.82,45.98,26460200,0.0,0
46.04,46.24,45.69,46.07,24257600,0.0,0
46.07,46.46,45.94,46.13,25390700,0.0,0
46.11,46.55,45.87,46.55,24787300,0.0,0
46.64,46.73,46.19,46.25,17951600,0.0,0
46.49,47.2,46.36,47.13,22891000,0.0,0
47.23,47.83,47.11,47.16,24039100,0.0,0
47.29,47.86,47.04,47.58,24102800,0.0,0
47.52,47.94,47.15,47.18,22592300,0.0,0
46.92,48.0,46.88,47.88,20032000,0.0,0
48.11,48.12,46.84,46.98,27803500,0.36,0
46.96,47.57,46.79,47.26,24907500,0.0,0
46.95,47.09,46.34,46.81,23842400,0.0,0
46.96,47.64,46.88,47.09,23905800,0.0,0
47.07,47.14,46.49,46.54,26118700,0.0,0
47.16,48.1,46.88,47.99,34757900,0.0,0
48.29,48.83,48.17,48.48,24040200,0.0,0
48.3,48.35,47.77,48.27,24335200,0.0,0
48.29,48.67,48.16,48.67,17721400,0.0,0
48.61,49.3,48.44,49.3,37653100,0.0,0
48.78,49.25,48.78,49.16,25324800,0.0,0
48.96,49.06,48.22,48.82,22840800,0.0,0
48.72,48.76,48.0,48.17,23368300,0.0,0
48.36,48.69,48.27,48.49,18243300,0.0,0
48.59,49.05,48.46,48.46,20866800,0.0,0
48.39,48.78,48.25,48.41,21149400,0.0,0
48.37,48.37,47.89,48.02,20305700,0.0,0
47.49,48.42,47.48,47.89,25833200,0.0,0
46.12,47.18,45.63,46.64,83217800,0.0,0
46.42,46.6,46.11,46.35,42577100,0.0,0
46.3,46.62,46.22,46.22,33757600,0.0,0
46.06,46.95,46.05,46.87,31188600,0.0,0
46.89,46.91,46.34,46.63,45710500,0.0,0
47.1,47.28,46.54,46.57,35607900,0.0,0
46.69,47.84,46.66,47.62,34097800,0.0,0
47.51,47.87,47.39,47.43,28816800,0.0,0
47.7,48.43,47.58,48.29,29028800,0.0,0
46.33,47.38,46.06,46.35,133503000,0.0,0
45.67,45.72,44.69,45.05,50216300,0.0,0
45.5,46.02,45.27,45.99,38140700,0.0,0
46.43,47.18,46.32,47.01,31304000,0.0,0
47.18,47.72,46.97,47.6,28527800,0.0,0
47.56,48.11,47.5,47.59,21400400,0.0,0
47.28,47.7,47.2,47.6,24806400,0.0,0
47.23,47.94,46.87,47.79,28167500,0.0,0
47.83,48.01,47.5,47.79,19585200,0.0,0
48.12,48.7,47.95,48.65,28391000,0.0,0
48.83,49.14,48.81,48.92,22269200,0.0,0
49.24,49.67,49.1,49.49,27317600,0.0,0
49.82,50.1,49.47,49.77,25356800,0.0,0
50.08,50.22,49.84,49.99,24545500,0.0,0
50.18,50.23,49.49,49.95,32024400,0.0,0
49.95,50.55,49.81,50.19,31433900,0.0,0
49.96,50.14,49.23,49.38,53336500,0.0,0
52.23,52.87,51.65,52.01,89893300,0.0,0
52.07,52.3,51.87,51.9,32776700,0.0,0
52.16,52.68,51.89,52.62,32157200,0.0,0
52.53,52.78,52.33,52.77,25610600,0.0,0
52.57,53.29,52.56,52.8,28079000,0.0,0
52.66,52.83,52.19,52.27,32327500,0.0,0
52.09,52.43,51.83,52.29,37550400,0.0,0
52.33,52.8,52.14,52.72,30558700,0.0,0
52.65,52.79,52.22,52.63,26003400,0.0,0
52.88,52.93,52.38,52.63,35122000,0.0,0
52.72,53.12,52.55,52.99,22075600,0.0,0
52.83,53.5,52.71,53.38,26587700,0.0,0
53.62,54.15,53.44,53.91,29335200,0.0,0
54.01,54.03,53.75,54.01,19473500,0.0,0
54.11,54.42,53.97,54.14,16920700,0.0,0
54.1,54.25,53.78,53.97,15756900,0.0,0
53.98,54.37,53.98,54.23,18162300,0.0,0
53.98,54.13,53.6,53.89,21655200,0.0,0
53.96,54.42,53.91,54.06,19283900,0.0,0
53.92,53.93,53.6,53.76,20523500,0.36,0
53.86,53.99,53.57,53.87,18856400,0.0,0
53.74,54.01,53.6,53.91,14214300,0.0,0
53.75,54.03,53.54,53.93,17271000,0.0,0
53.91,54.05,53.59,53.98,15221900,0.0,0
54.19,54.46,54.15,54.18,18732400,0.0,0
54.1,54.32,54.02,54.24,18151500,0.0,0
54.17,54.56,54.08,54.45,18552600,0.0,0
54.55,54.94,54.0,54.31,20971200,0.0,0
54.46,54.85,54.38,54.38,16417200,0.0,0
54.27,54.46,53.92,54.18,16930200,0.0,0
53.96,54.1,53.63,53.78,20860300,0.0,0
53.36,54.12,53.36,53.9,26075400,0.0,0
53.98,54.46,53.74,53.98,18900500,0.0,0
54.08,54.1,53.55,53.92,16278400,0.0,0
53.79,54.14,53.73,53.97,17493400,0.0,0
53.94,54.09,53.52,53.75,20146100,0.0,0
53.15,53.84,52.61,52.61,35113900,0.0,0
52.41,53.55,52.05,53.4,29303000,0.0,0
52.88,53.02,52.46,52.91,30130200,0.0,0
52.78,53.0,52.44,52.66,24062500,0.0,0
52.56,53.68,52.4,53.53,26847000,0.0,0
53.94,53.94,53.12,53.58,44607000,0.0,0
53.6,54.05,53.21,53.29,20937100,0.0,0
53.68,53.68,53.12,53.17,17384000,0.0,0
53.83,54.15,53.43,54.06,33707300,0.0,0
54.21,54.29,53.94,54.12,19822200,0.0,0
54.16,54.2,53.71,53.75,19955300,0.0,0
53.43,53.48,53.19,53.26,21688700,0.0,0
53.29,54.34,53.05,54.24,28065100,0.0,0
54.17,54.34,53.98,54.31,20536400,0.0,0
54.11,54.45,53.55,53.73,25463500,0.0,0
53.88,54.07,53.67,53.91,29910800,0.0,0
53.73,53.87,53.41,53.74,19189500,0.0,0
53.6,53.91,53.32,53.58,20085900,0.0,0
53.62,54.25,53.59,53.95,16726400,0.0,0
54.04,54.16,53.61,54.04,16212600,0.0,0
54.15,54.27,53.74,54.1,20089000,0.0,0
54.2,54.65,54.16,54.32,18196500,0.0,0
54.18,54.31,53.25,53.53,26497400,0.0,0
53.45,53.6,52.79,53.45,22177500,0.0,0
53.07,53.63,52.71,53.28,25313700,0.0,0
53.46,54.04,53.46,53.74,27402500,0.0,0
53.69,53.78,53.23,53.56,23830000,0.0,0
53.85,54.24,53.73,53.97,19149500,0.0,0
53.79,54.14,53.73,53.85,22878400,0.0,0
53.82,53.84,53.03,53.58,49455600,0.0,0
56.42,56.58,55.68,55.84,80032200,0.0,0
56.1,57.09,56.09,57.09,54067000,0.0,0
56.95,57.44,56.91,57.09,35137200,0.0,0
56.92,57.28,56.6,56.75,29911600,0.0,0
56.73,56.94,56.24,56.25,28479900,0.0,0
56.17,56.65,55.77,56.04,33574700,0.0,0
56.31,56.55,56.08,56.08,26434700,0.0,0
56.13,56.18,55.46,55.97,24533000,0.0,0
55.99,56.09,55.5,55.63,22147000,0.0,0
55.72,55.82,55.33,55.42,21600400,0.0,0
54.89,55.48,54.77,54.95,28697000,0.0,0
55.95,56.65,55.95,56.55,31664800,0.0,0
56.67,56.89,56.3,56.6,22935400,0.0,0
56.16,56.71,55.41,56.32,49632500,0.0,0
56.61,56.62,53.94,54.94,57822400,0.0,0
54.5,55.33,54.3,55.24,38767800,0.0,0
55.24,55.3,53.61,54.4,41328400,0.0,0
54.96,56.06,54.95,55.47,35904100,0.39,0
55.54,56.22,55.42,56.21,27332500,0.0,0
56.92,57.43,56.51,57.14,32132700,0.0,0
57.27,57.61,56.82,56.87,27686300,0.0,0
57.01,57.45,56.93,57.35,19652600,0.0,0
57.46,57.73,57.3,57.59,23206700,0.0,0
57.49,57.57,56.77,56.91,21848900,0.0,0
56.82,57.04,56.66,57.04,8409600,0.0,0
56.86,57.5,56.74,57.11,20732600,0.0,0
57.15,57.87,57.03,57.57,22366700,0.0,0
57.35,57.65,56.75,56.78,34655400,0.0,0
56.64,56.68,55.54,55.78,34542100,0.0,0
55.67,56.04,55.41,55.83,25515700,0.0,0
56.26,57.09,56.12,56.75,23552700,0.0,0
56.94,56.97,56.35,56.49,19907000,0.0,0
56.55,57.84,56.35,57.83,30809000,0.0,0
57.76,58.03,57.33,57.49,21220800,0.0,0
57.65,58.41,57.6,58.39,27349400,0.0,0
58.25,58.71,58.16,58.58,20198100,0.0,0
58.89,59.76,58.65,59.35,35718900,0.0,0
59.36,59.79,58.92,59.06,30352700,0.0,0
59.08,59.51,58.71,58.97,27669900,0.0,0
59.32,59.32,58.54,58.71,42453100,0.0,0
58.95,60.09,58.82,59.95,34338200,0.0,0
60.02,60.12,59.39,59.87,26028400,0.0,0
59.77,60.02,59.48,59.87,17096300,0.0,0
60.16,60.4,59.75,59.88,22176600,0.0,0
59.79,59.87,59.18,59.59,12403800,0.0,0
59.56,60.37,59.56,59.63,11763200,0.0,0
59.74,59.74,59.2,59.36,14653300,0.0,0
59.23,59.55,59.11,59.27,10250600,0.0,0
59.33,59.36,58.45,58.55,25579900,0.0,0
59.17,59.21,58.55,58.97,20694100,0.0,0
58.87,59.13,58.54,58.71,21340000,0.0,0
58.6,59.04,58.45,58.71,24876000,0.0,0
58.71,59.51,58.46,59.21,19922900,0.0,0
59.14,59.44,58.93,59.03,20382700,0.0,0
59.11,59.43,58.69,59.01,18593000,0.0,0
59.0,59.58,58.83,59.54,21517300,0.0,0
59.42,59.74,58.38,59.0,20968200,0.0,0
59.01,59.24,58.75,59.08,19422300,0.0,0
59.06,59.08,58.45,58.92,20664000,0.0,0
59.05,59.08,58.54,58.89,19670100,0.0,0
58.65,59.35,58.61,58.71,18451700,0.0,0
59.05,59.2,58.77,59.12,30213500,0.0,0
59.08,59.48,58.96,59.33,23097600,0.0,0
59.55,60.06,59.31,59.85,24672900,0.0,0
60.26,60.4,59.79,60.01,23672700,0.0,0
60.42,60.82,59.88,60.56,43554600,0.0,0
61.62,62.11,61.15,61.98,44818000,0.0,0
61.9,61.99,61.06,61.37,31651400,0.0,0
61.12,61.39,60.55,60.92,25270500,0.0,0
60.65,60.89,59.81,59.91,39671500,0.0,0
59.6,59.75,59.13,59.53,45827000,0.0,0
59.84,60.02,59.43,60.01,30301800,0.0,0
59.84,59.98,59.5,59.97,19796400,0.0,0
60.06,60.1,59.58,59.77,20277200,0.0,0
59.9,60.13,59.57,59.69,18096400,0.0,0
59.85,60.72,59.67,60.36,22644400,0.0,0
60.54,60.59,60.29,60.31,18170700,0.0,0
60.53,61.12,60.43,60.99,22920100,0.0,0
61.06,61.36,60.69,61.21,23108400,0.39,0
61.15,61.21,60.82,61.18,17005200,0.0,0
61.37,61.85,61.09,61.17,20546300,0.0,0
61.12,61.33,60.96,61.26,21248800,0.0,0
61.25,61.57,61.1,61.14,20655900,0.0,0
60.99,61.04,60.72,61.01,19292700,0.0,0
61.07,61.36,60.85,61.26,20273100,0.0,0
61.18,61.43,60.81,61.26,21796800,0.0,0
61.18,61.18,60.72,60.89,15871500,0.0,0
60.75,60.86,60.45,60.65,23239800,0.0,0
60.8,61.61,60.69,61.56,26937500,0.0,0
61.33,61.38,60.56,60.68,24539600,0.0,0
60.66,60.94,60.31,60.91,18135900,0.0,0
60.64,61.2,60.49,60.93,18750300,0.0,0
60.85,61.41,60.85,61.05,18521000,0.0,0
60.92,61.7,60.91,61.61,21510900,0.0,0
61.8,61.81,61.13,61.36,19846800,0.0,0
61.73,61.87,61.38,61.55,19538200,0.0,0
61.63,61.8,61.21,61.35,20100000,0.0,0
61.18,61.19,60.81,61.06,14280200,0.0,0
61.19,61.54,60.91,61.38,24833800,0.0,0
61.38,61.39,60.96,61.28,20674300,0.0,0
61.54,61.85,61.32,61.5,49219700,0.0,0
61.54,61.79,61.36,61.55,14598100,0.0,0
61.8,62.09,60.8,60.87,26640500,0.0,0
60.79,61.75,60.79,61.65,20680000,0.0,0
61.56,61.85,61.4,61.5,19269200,0.0,0
61.96,62.05,61.39,61.6,22617100,0.0,0
61.27,61.83,61.0,61.72,18614700,0.0,0
61.58,62.07,61.29,61.9,20080400,0.0,0
61.73,62.09,61.57,62.07,13618400,0.0,0
62.02,62.55,61.96,62.29,15122800,0.0,0
62.24,62.75,62.05,62.44,21040300,0.0,0
62.39,62.51,61.8,62.14,20400900,0.0,0
61.99,62.39,61.89,62.31,12997400,0.0,0
62.85,62.9,62.04,62.15,21448600,0.0,0
62.19,62.63,62.08,62.31,18103500,0.0,0
62.43,62.53,62.04,62.27,14108500,0.0,0
62.2,62.4,61.96,62.12,17952700,0.0,0
62.19,62.2,61.48,62.08,18791500,0.0,0
62.02,62.1,61.73,61.84,17108500,0.0,0
61.9,62.44,61.57,61.57,17896500,0.0,0
61.66,62.09,61.63,62.08,16689300,0.0,0
61.93,62.29,61.77,61.99,15155600,0.0,0
62.24,62.33,61.52,61.66,26992800,0.0,0
62.06,62.33,61.75,62.09,22299500,0.0,0
62.26,63.23,62.05,62.95,32522600,0.0,0
63.97,64.14,63.61,64.02,29770000,0.0,0
64.37,64.5,64.09,64.39,30242700,0.0,0
64.54,64.76,64.1,64.3,26190800,0.0,0
64.61,64.83,64.07,64.72,34971000,0.0,0
65.33,65.55,64.17,64.9,39548800,0.0,0
65.11,65.93,64.94,65.8,31954400,0.0,0
66.09,66.09,65.54,65.7,23906100,0.0,0
65.77,65.77,65.14,65.49,28928000,0.0,0
65.44,65.49,65.07,65.23,21749400,0.0,0
65.32,65.44,64.93,65.41,19128800,0.0,0
65.38,65.46,64.86,65.36,18566100,0.0,0
65.28,65.68,65.11,65.45,22858400,0.0,0
65.4,65.94,65.34,65.71,17977800,0.0,0
64.81,65.16,64.58,64.9,28789400,0.0,0
65.04,65.04,64.5,64.83,18714100,0.0,0
64.6,64.92,64.06,64.87,31530300,0.0,0
65.05,66.21,64.99,66.18,34956000,0.39,0
65.68,65.88,64.29,64.34,30548800,0.0,0
64.26,64.96,64.01,64.56,25201300,0.0,0
64.36,64.93,64.29,64.54,26961100,0.0,0
64.73,65.31,64.36,65.26,16237600,0.0,0
65.52,65.55,65.2,65.48,15425800,0.0,0
65.66,65.67,65.26,65.57,14593900,0.0,0
65.76,66.63,65.7,66.38,21854100,0.0,0
66.55,66.95,66.28,66.7,19827900,0.0,0
66.54,67.13,66.52,67.13,17072800,0.0,0
67.25,67.45,66.56,66.59,30436400,0.0,0
66.97,67.32,66.22,66.84,21603600,0.0,0
67.16,68.51,66.97,68.42,34770300,0.0,0
68.62,69.5,68.47,68.92,33316800,0.0,0
68.93,69.24,68.91,69.14,31511100,0.0,0
69.26,69.38,68.6,69.02,22301800,0.0,0
69.13,69.14,68.17,68.6,24588300,0.0,0
68.69,68.72,65.4,67.05,49187400,0.0,0
66.03,66.68,64.96,66.53,47761700,0.0,0
66.76,67.52,66.7,67.36,25258600,0.0,0
67.61,67.79,66.2,67.0,25510700,0.0,0
66.05,66.94,65.6,66.65,26068700,0.0,0
66.48,66.77,66.0,66.74,48345100,0.0,0
67.22,67.64,67.07,67.57,23798300,0.0,0
67.52,67.57,66.62,66.66,21512200,0.0,0
66.94,67.33,66.68,67.0,19891100,0.0,0
67.26,67.3,66.46,66.99,22965700,0.0,0
66.83,67.93,66.66,67.89,27617300,0.0,0
68.08,68.37,67.16,67.25,19607000,0.0,0
66.85,66.91,65.96,65.99,25215100,0.0,0
65.99,66.59,65.59,66.55,25806200,0.0,0
66.15,66.25,64.92,65.3,28918700,0.0,0
65.58,66.15,65.54,65.72,24161100,0.0,0
66.1,66.36,64.85,65.0,16165500,0.0,0
65.08,66.21,65.04,65.86,21176300,0.0,0
65.09,65.58,64.95,65.38,21117600,0.0,0
65.5,66.59,65.5,66.23,16878300,0.0,0
66.23,66.98,65.98,66.72,15014500,0.0,0
66.74,67.39,66.5,66.73,17460000,0.0,0
67.4,67.96,67.27,67.84,17750900,0.0,0
68.17,68.69,67.99,68.43,20269800,0.0,0
68.88,69.86,68.61,69.39,25868100,0.0,0
69.41,70.03,69.33,69.94,21803900,0.0,0
69.69,69.97,69.28,69.89,26435300,0.0,0
70.08,70.59,70.03,70.42,22416200,0.0,0
70.73,70.84,69.87,70.76,42361000,0.0,0
70.03,70.83,69.76,70.35,46717100,0.0,0
70.11,70.32,69.73,70.17,21394800,0.0,0
70.36,70.85,70.08,70.74,22018700,0.0,0
70.88,70.92,70.37,70.6,16252200,0.0,0
70.33,70.96,68.95,69.75,36844200,0.0,0
69.29,69.9,69.16,69.64,18306700,0.0,0
69.89,70.02,69.04,69.32,23600100,0.0,0
69.7,70.0,69.12,69.2,22132300,0.0,0
69.17,69.18,68.11,68.9,26499200,0.0,0
68.83,69.07,68.51,68.79,18214400,0.0,0
69.03,69.64,68.88,69.3,22579000,0.0,0
69.41,69.51,68.9,69.03,18705700,0.0,0
68.73,69.73,68.41,69.4,22044600,0.0,0
68.89,69.13,68.7,69.1,22213400,0.0,0
68.55,68.83,68.03,68.09,24734500,0.0,0
68.28,69.32,67.96,69.12,21443700,0.0,0
69.66,70.29,69.55,70.16,20096600,0.0,0
70.54,70.54,70.01,70.18,19181400,0.39,0
70.3,71.03,70.14,70.6,18150400,0.0,0
70.53,70.81,69.4,69.4,22977500,0.0,0
69.27,69.82,68.95,69.48,18761500,0.0,0
69.46,69.47,68.73,69.16,17734800,0.0,0
69.35,70.2,69.35,70.13,14343700,0.0,0
69.93,70.12,69.52,69.7,13766500,0.0,0
69.72,69.84,69.08,69.68,17098300,0.0,0
69.84,70.31,69.47,69.8,12794300,0.0,0
70.03,70.06,69.54,69.81,14569700,0.0,0
69.25,70.13,69.06,70.02,11478400,0.0,0
69.98,71.13,69.81,70.94,16897800,0.0,0
70.96,71.85,70.74,71.67,27652800,0.0,0
71.61,71.64,70.59,70.87,21736200,0.0,0
70.3,70.83,69.95,70.56,21556000,0.0,0
70.68,70.97,70.31,70.36,16535800,0.0,0
70.62,71.51,70.55,71.26,17471200,0.0,0
71.25,71.35,70.78,70.91,14703800,0.0,0
71.23,71.83,71.23,71.66,17910400,0.0,0
71.66,72.12,71.29,71.58,14394900,0.0,0
71.82,72.11,71.46,72.09,13380800,0.0,0
71.89,72.36,71.43,71.67,15733900,0.0,0
71.73,72.26,71.0,72.19,38578400,0.0,0
72.11,72.82,71.93,72.04,23307000,0.0,0
72.09,72.57,71.9,72.31,16093300,0.0,0
72.22,72.42,71.23,71.83,21587900,0.0,0
71.99,72.12,71.04,71.13,19186100,0.0,0
70.92,71.42,70.79,71.32,14111400,0.0,0
71.02,71.17,69.9,70.22,24149200,0.0,0
70.61,70.75,69.96,70.22,18019600,0.0,0
70.5,71.09,70.14,70.79,19565100,0.0,0
70.49,70.9,70.27,70.81,10883800,0.0,0
70.87,71.45,70.82,71.4,17079100,0.0,0
71.61,71.9,71.22,71.52,15304800,0.0,0
71.57,71.77,71.11,71.18,12190400,0.0,0
71.02,71.62,70.65,71.59,13317700,0.0,0
72.1,72.96,71.85,72.82,21195300,0.0,0
72.53,72.88,72.41,72.85,13959800,0.0,0
72.82,73.38,72.71,73.13,11386500,0.0,0
73.16,73.45,72.98,73.13,13944500,0.0,0
73.19,73.29,72.8,73.25,15388900,0.0,0
73.32,74.08,73.2,73.92,16876500,0.0,0
74.37,74.64,74.08,74.28,15335700,0.0,0
74.21,74.58,74.14,74.43,12380100,0.0,0
74.26,74.4,74.05,74.37,16824000,0.0,0
74.45,74.62,74.16,74.39,13300700,0.0,0
74.35,74.7,74.14,74.68,15092800,0.0,0
75.07,75.69,74.98,75.54,22866400,0.0,0
75.71,76.05,75.49,75.56,20627200,0.0,0
75.63,75.92,75.21,75.59,17517200,0.0,0
75.32,75.82,74.77,75.37,20410800,0.0,0
75.92,76.13,75.48,75.49,32120700,0.0,0
80.87,82.62,80.14,80.33,71066700,0.0,0
80.23,80.83,79.66,80.41,31756700,0.0,0
80.86,80.86,79.66,79.73,27086600,0.0,0
80.21,80.29,79.44,79.73,22307400,0.0,0
79.89,80.96,79.67,80.56,23992900,0.0,0
80.59,81.03,79.94,80.65,17633500,0.0,0
80.71,81.19,80.59,80.97,19860900,0.0,0
81.25,81.38,80.45,80.77,17939700,0.0,0
80.65,81.1,80.35,81.05,18034200,0.0,0
80.62,80.77,79.46,80.6,21178400,0.0,0
80.31,80.61,79.78,80.39,19397800,0.0,0
80.19,80.46,80.0,80.45,14196900,0.0,0
80.04,80.61,79.54,80.56,18801300,0.0,0
80.41,80.62,79.66,79.94,19383100,0.42,0
80.05,80.36,79.9,80.15,20962800,0.0,0
80.07,80.07,79.23,79.38,22079000,0.0,0
79.38,79.56,79.23,79.5,16315000,0.0,0
79.71,80.77,79.71,80.65,21237500,0.0,0
80.76,80.82,80.0,80.06,20553100,0.0,0
79.97,80.37,79.75,80.21,7425600,0.0,0
80.26,80.9,80.25,80.8,18265200,0.0,0
80.99,81.94,80.94,81.77,21926000,0.0,0
81.6,81.81,80.13,80.28,27381100,0.0,0
80.45,81.42,80.28,81.08,33054600,0.0,0
80.54,81.7,80.17,81.17,29532100,0.0,0
81.33,81.33,77.74,78.11,39094900,0.0,0
78.36,79.65,78.01,78.6,26152300,0.0,0
78.56,80.09,78.44,79.75,26162100,0.0,0
79.51,79.76,78.99,79.47,23184500,0.0,0
80.56,81.48,80.28,81.07,24489100,0.0,0
81.2,82.24,81.04,82.11,22857900,0.0,0
82.18,82.9,81.96,82.44,23924100,0.0,0
82.6,82.85,82.05,82.22,22062700,0.0,0
82.3,82.72,81.43,81.59,19306000,0.0,0
82.13,83.9,81.77,83.67,53936700,0.0,0
83.93,84.29,83.07,83.21,22283800,0.0,0
83.18,83.18,82.14,82.68,23524800,0.0,0
83.04,83.14,81.6,82.38,23674900,0.0,0
82.9,82.94,82.27,82.37,17990700,0.0,0
82.27,82.49,81.81,82.38,14145800,0.0,0
82.18,82.39,81.91,82.27,9891200,0.0,0
82.51,82.83,82.1,82.57,14678000,0.0,0
82.75,82.78,82.41,82.58,10594300,0.0,0
82.49,82.9,82.37,82.4,18717400,0.0,0
82.97,83.15,82.37,82.8,22483800,0.0,0
82.9,83.34,82.82,83.18,26061400,0.0,0
83.42,84.45,83.4,83.92,21912000,0.0,0
84.45,85.17,84.22,84.96,23407100,0.0,0
84.97,85.33,84.39,85.04,22113000,0.0,0
85.4,85.48,84.64,84.99,19484300,0.0,0
84.64,84.96,84.21,84.6,18652200,0.0,0
84.9,84.9,84.04,84.85,17808900,0.0,0
85.42,86.49,85.21,86.32,24271500,0.0,0
86.8,87.46,84.78,85.11,36599700,0.0,0
85.81,86.97,85.5,86.84,25621200,0.0,0
86.51,87.35,86.37,86.8,24159700,0.0,0
86.84,87.29,86.37,86.7,36875000,0.0,0
86.7,88.26,86.45,88.25,23601600,0.0,0
88.53,88.92,88.18,88.53,23412800,0.0,0
89.16,90.0,88.22,88.45,33277500,0.0,0
89.08,89.82,88.56,88.95,26383200,0.0,0
89.71,90.61,89.19,90.61,29172200,0.0,0
91.65,91.95,90.28,90.48,31569900,0.0,0
89.88,90.23,88.72,89.34,38635100,0.0,0
90.31,91.9,90.08,91.53,48756300,0.0,0
91.31,92.55,90.15,90.8,47227900,0.0,0
90.21,90.52,88.15,88.42,47867800,0.0,0
87.24,89.82,84.77,84.77,51031500,0.0,0
83.7,88.13,82.12,87.98,67998600,0.0,0
87.17,88.41,85.93,86.32,41107600,0.0,0
86.42,86.58,81.65,81.89,55628700,0.0,0
83.14,85.67,80.76,84.95,63499100,0.0,0
85.49,86.49,84.71,85.86,35720300,0.0,0
85.67,86.7,84.58,86.54,26407700,0.0,0
85.67,88.07,85.57,87.89,34960900,0.42,0
88.28,89.74,87.71,89.68,27823900,0.0,0
89.48,90.5,88.85,89.04,30596900,0.0,0
88.54,90.07,88.09,89.74,30911700,0.0,0
89.99,90.36,88.55,88.55,26922500,0.0,0
89.09,89.75,88.42,88.78,24392800,0.0,0
90.59,91.05,89.39,91.04,26329200,0.0,0
91.37,92.38,91.22,92.35,30199800,0.0,0
92.66,92.76,91.17,91.17,25869100,0.0,0
91.79,92.63,90.62,90.76,31167300,0.0,0
90.97,91.53,88.89,89.87,37135600,0.0,0
88.64,90.16,87.94,90.06,32830400,0.0,0
89.37,91.24,89.3,90.63,23901600,0.0,0
91.31,91.45,89.95,90.32,22175800,0.0,0
90.17,90.92,89.46,90.84,26716100,0.0,0
91.24,92.04,90.76,91.4,25887800,0.0,0
92.23,93.44,91.95,93.44,36937300,0.0,0
93.4,94.09,92.95,93.66,26073700,0.0,0
93.88,94.12,90.95,91.38,35387800,0.0,0
92.06,92.34,90.5,90.83,32132000,0.0,0
90.52,91.54,89.85,91.15,27611000,0.0,0
91.64,92.31,90.9,91.56,49081300,0.0,0
90.73,90.88,89.15,89.9,33344100,0.0,0
90.06,90.76,90.01,90.14,23075200,0.0,0
89.94,91.03,89.25,89.51,24457100,0.0,0
88.34,88.8,86.78,86.9,38604700,0.0,0
86.62,87.55,84.28,84.38,44068900,0.0,0
87.7,90.98,87.49,90.77,56396800,0.0,0
91.89,92.08,85.67,86.59,56569000,0.0,0
86.93,88.3,86.01,86.52,52501100,0.0,0
87.28,89.32,85.56,88.34,45867500,0.0,0
87.56,87.96,84.7,85.68,48515400,0.0,0
86.7,87.16,85.07,86.83,37213800,0.0,0
85.03,89.78,84.91,89.36,35560000,0.0,0
89.47,90.08,88.46,89.41,29771900,0.0,0
88.55,89.49,86.6,87.33,38026000,0.0,0
88.11,90.18,87.71,87.85,31533900,0.0,0
89.42,90.28,88.7,89.9,26812000,0.0,0
89.05,90.29,88.54,88.91,24872100,0.0,0
89.46,91.13,89.46,90.57,26758900,0.0,0
91.03,91.15,89.47,90.09,23346100,0.0,0
91.05,91.62,90.42,91.14,20288100,0.0,0
91.95,93.44,91.83,92.98,26771000,0.0,0
93.13,93.61,92.45,93.34,21043300,0.0,0
93.34,93.95,92.28,93.02,23552500,0.0,0
92.83,93.02,91.03,91.95,31154400,0.0,0
92.66,93.2,91.59,92.29,22331800,0.0,0
93.15,93.37,89.44,90.13,34524800,0.0,0
90.3,90.3,87.38,89.34,33729300,0.0,0
90.54,92.09,90.11,91.23,42529000,0.0,0
94.46,94.75,90.89,92.74,48272800,0.0,0
93.23,93.3,90.16,90.51,41523600,0.0,0
90.21,92.23,89.81,91.95,31408900,0.0,0
91.94,92.11,90.2,90.51,27471000,0.0,0
89.97,91.88,89.48,91.05,31142500,0.0,0
90.32,92.31,89.93,92.1,22531300,0.0,0
92.11,93.6,92.04,93.13,24242000,0.0,0
92.77,93.07,92.01,92.73,23484600,0.0,0
92.92,93.85,92.0,93.82,27327400,0.0,0
94.33,94.8,93.93,94.76,22388100,0.0,0
94.66,94.72,93.92,94.56,16778300,0.0,0
94.77,95.52,94.18,94.88,19454100,0.0,0
94.12,94.71,93.24,94.19,24594000,0.0,0
94.64,94.68,93.92,94.44,17384700,0.42,0
94.06,94.81,93.15,93.49,17246700,0.0,0
93.33,94.22,93.33,93.67,17865800,0.0,0
94.29,95.27,94.1,94.87,19422500,0.0,0
94.95,95.43,94.48,94.78,15441200,0.0,0
94.01,95.97,93.63,95.9,21251200,0.0,0
95.97,96.18,94.11,95.56,26649300,0.0,0
95.55,96.21,95.13,95.61,18363900,0.0,0
95.11,96.12,94.51,95.27,28671000,0.0,0
95.56,96.48,95.17,96.19,22158500,0.0,0
96.52,97.2,95.85,96.08,34140900,0.0,0
96.51,98.04,96.4,97.97,28655600,0.0,0
98.43,99.01,98.03,98.83,27281600,0.0,0
99.15,99.47,98.69,99.33,23514400,0.0,0
99.62,99.73,99.05,99.63,21122900,0.0,0
99.78,99.82,97.58,98.06,28232200,0.0,0
98.27,99.1,97.73,98.79,22165100,0.0,0
98.19,98.75,97.86,98.23,23490900,0.0,0
98.28,98.62,97.93,98.48,18325200,0.0,0
98.88,99.16,97.75,98.03,29492900,0.0,0
98.81,99.18,98.18,98.59,25691800,0.0,0
98.67,98.69,97.27,97.33,65738600,0.0,0
97.22,98.28,96.64,98.04,23586000,0.0,0
96.87,98.18,96.72,98.04,28653100,0.0,0
98.54,99.66,98.29,99.02,26180800,0.0,0
99.23,99.6,98.06,98.31,23198200,0.0,0
97.6,97.95,96.85,97.6,38923100,0.0,0
97.21,97.31,94.58,95.64,35433300,0.0,0
96.06,97.28,95.99,96.31,26897200,0.0,0
96.8,97.23,94.68,94.81,31298400,0.0,0
94.66,96.34,94.54,95.87,26650700,0.0,0
96.17,97.12,95.58,95.85,28053200,0.0,0
95.36,97.26,95.26,97.22,19564500,0.0,0
97.67,97.82,96.18,96.28,14670300,0.0,0
96.72,97.13,96.26,96.97,18977400,0.0,0
97.1,98.6,96.89,98.33,19234600,0.0,0
98.81,99.39,98.42,99.0,18212000,0.0,0
99.15,99.65,99.01,99.27,19293100,0.0,0
98.32,99.48,98.28,99.13,19644600,0.0,0
99.9,101.49,99.86,101.28,24335900,0.0,0
